record_type,evidence_status,local_path,size_bytes,sha256,mtime_utc,archive_member,archive_metadata
LOCAL_FILE,VERIFIED_TRUE,upload/63B6B0D2-34AB-41EB-84A9-9C13B3A5E0B3.jpeg,179521,b4b1f494324be77888113e00bb91ba9d2cd9edf90ce5800b76bf924f3690efc5,2026-07-26T18:24:43.270008+00:00,,
LOCAL_FILE,VERIFIED_TRUE,upload/🧩LKmini🔒原始開源八檔｜OriginalPublicFiles.zip,9510,99b8f12b23cb0b91d45ae3a5691449159a7ea34482d0bb0010217068e65a5524,2026-07-26T18:08:04.333972+00:00,,
ZIP_MEMBER,VERIFIED_TRUE,upload/🧩LKmini🔒原始開源八檔｜OriginalPublicFiles.zip,682,ddba45273c9f8a5c3f9a5c05447137b539ebaa9e48e762d5a9435fb111537b50,,≡ƒº⌐LKmini≡ƒöÆσÄƒσºïΘûïµ║Éσà½µ¬ö∩╜£OriginalPublicFiles/PUBLIC_PRIVATE_BOUNDARY.md,CRC32=cce835ac
ZIP_MEMBER,VERIFIED_TRUE,upload/🧩LKmini🔒原始開源八檔｜OriginalPublicFiles.zip,207,ed8ee0fbf5175f31cd74e270cd27910673a9a6716580709ab3cbd80e9ffc0a81,,__MACOSX/≡ƒº⌐LKmini≡ƒöÆσÄƒσºïΘûïµ║Éσà½µ¬ö∩╜£OriginalPublicFiles/._PUBLIC_PRIVATE_BOUNDARY.md,CRC32=4b1b54ca
ZIP_MEMBER,VERIFIED_TRUE,upload/🧩LKmini🔒原始開源八檔｜OriginalPublicFiles.zip,1008,062c6cf688fd2ed5ded52cae1460d1fb44a39e0d546354abd016ae0ee815e436,,≡ƒº⌐LKmini≡ƒöÆσÄƒσºïΘûïµ║Éσà½µ¬ö∩╜£OriginalPublicFiles/LKMini.svg,CRC32=3eb3f092
ZIP_MEMBER,VERIFIED_TRUE,upload/🧩LKmini🔒原始開源八檔｜OriginalPublicFiles.zip,207,ed8ee0fbf5175f31cd74e270cd27910673a9a6716580709ab3cbd80e9ffc0a81,,__MACOSX/≡ƒº⌐LKmini≡ƒöÆσÄƒσºïΘûïµ║Éσà½µ¬ö∩╜£OriginalPublicFiles/._LKMini.svg,CRC32=4b1b54ca
ZIP_MEMBER,VERIFIED_TRUE,upload/🧩LKmini🔒原始開源八檔｜OriginalPublicFiles.zip,1068,42ddbbcc14f603f03892df27893e3c57656e717936e5043dab1d38c37d83afb2,,≡ƒº⌐LKmini≡ƒöÆσÄƒσºïΘûïµ║Éσà½µ¬ö∩╜£OriginalPublicFiles/LICENSE,CRC32=0d67ad86
ZIP_MEMBER,VERIFIED_TRUE,upload/🧩LKmini🔒原始開源八檔｜OriginalPublicFiles.zip,207,ed8ee0fbf5175f31cd74e270cd27910673a9a6716580709ab3cbd80e9ffc0a81,,__MACOSX/≡ƒº⌐LKmini≡ƒöÆσÄƒσºïΘûïµ║Éσà½µ¬ö∩╜£OriginalPublicFiles/._LICENSE,CRC32=4b1b54ca
ZIP_MEMBER,VERIFIED_TRUE,upload/🧩LKmini🔒原始開源八檔｜OriginalPublicFiles.zip,1051,21686695927de14cb500f16e7441ed0a2534a8be00c3389b9e913e62cedb8426,,≡ƒº⌐LKmini≡ƒöÆσÄƒσºïΘûïµ║Éσà½µ¬ö∩╜£OriginalPublicFiles/README.md,CRC32=d4cb83bd
ZIP_MEMBER,VERIFIED_TRUE,upload/🧩LKmini🔒原始開源八檔｜OriginalPublicFiles.zip,207,ed8ee0fbf5175f31cd74e270cd27910673a9a6716580709ab3cbd80e9ffc0a81,,__MACOSX/≡ƒº⌐LKmini≡ƒöÆσÄƒσºïΘûïµ║Éσà½µ¬ö∩╜£OriginalPublicFiles/._README.md,CRC32=4b1b54ca
ZIP_MEMBER,VERIFIED_TRUE,upload/🧩LKmini🔒原始開源八檔｜OriginalPublicFiles.zip,2880,e7908a10a3d2dd5f34c6097b8f0ec05599a5c98735a16dd11c2ef270073322f5,,≡ƒº⌐LKmini≡ƒöÆσÄƒσºïΘûïµ║Éσà½µ¬ö∩╜£OriginalPublicFiles/verify_lkmini.py,CRC32=828e9674
ZIP_MEMBER,VERIFIED_TRUE,upload/🧩LKmini🔒原始開源八檔｜OriginalPublicFiles.zip,263,129898c24f78af2d779a0162b9f7ac8bd45c9c6ae932be2e9c727675da4113d5,,__MACOSX/≡ƒº⌐LKmini≡ƒöÆσÄƒσºïΘûïµ║Éσà½µ¬ö∩╜£OriginalPublicFiles/._verify_lkmini.py,CRC32=c29b74d2
ZIP_MEMBER,VERIFIED_TRUE,upload/🧩LKmini🔒原始開源八檔｜OriginalPublicFiles.zip,706,2a4f208681f75b538002f726701175b7757fd289d035ed883f06e91b74acad3a,,≡ƒº⌐LKmini≡ƒöÆσÄƒσºïΘûïµ║Éσà½µ¬ö∩╜£OriginalPublicFiles/SHA256SUMS,CRC32=8119809b
ZIP_MEMBER,VERIFIED_TRUE,upload/🧩LKmini🔒原始開源八檔｜OriginalPublicFiles.zip,207,ed8ee0fbf5175f31cd74e270cd27910673a9a6716580709ab3cbd80e9ffc0a81,,__MACOSX/≡ƒº⌐LKmini≡ƒöÆσÄƒσºïΘûïµ║Éσà½µ¬ö∩╜£OriginalPublicFiles/._SHA256SUMS,CRC32=4b1b54ca
ZIP_MEMBER,VERIFIED_TRUE,upload/🧩LKmini🔒原始開源八檔｜OriginalPublicFiles.zip,467,e4539e7f67e84292af2af6a0d256b38250dcc8487f6257e89e8657fbebc8c9b3,,≡ƒº⌐LKmini≡ƒöÆσÄƒσºïΘûïµ║Éσà½µ¬ö∩╜£OriginalPublicFiles/NOTICE.md,CRC32=a2993a6f
ZIP_MEMBER,VERIFIED_TRUE,upload/🧩LKmini🔒原始開源八檔｜OriginalPublicFiles.zip,207,ed8ee0fbf5175f31cd74e270cd27910673a9a6716580709ab3cbd80e9ffc0a81,,__MACOSX/≡ƒº⌐LKmini≡ƒöÆσÄƒσºïΘûïµ║Éσà½µ¬ö∩╜£OriginalPublicFiles/._NOTICE.md,CRC32=4b1b54ca
LOCAL_FILE,VERIFIED_TRUE,whiskey-emoji/🥃Whiskey Emoji｜WhiskeyEmoji/👁Whiskey Emoji 預覽｜WhiskeyEmojiPreview.html,3109,338d2887eb1e878e6a8dbccfa80009a6fe2e6e7c52a2651e000de9a3f0fec302,2026-07-26T18:35:58.198032+00:00,,
LOCAL_FILE,VERIFIED_TRUE,whiskey-emoji/🥃Whiskey Emoji｜WhiskeyEmoji/🔐SHA256SUMS,324,a884eb5eeb8349158b3e2aafb5c75cbcc503d4603a79b89fcd47e6990075e9d6,2026-07-26T18:37:02.026034+00:00,,
LOCAL_FILE,VERIFIED_TRUE,whiskey-emoji/🥃Whiskey Emoji｜WhiskeyEmoji/🥃Whiskey Emoji｜WhiskeyEmoji.png,303922,6497ffa125b46238b866eeb42d53d8c38179d31e9def33e8b8072a2fc6103946,2026-07-26T18:36:31.166033+00:00,,
LOCAL_FILE,VERIFIED_TRUE,whiskey-emoji/🥃Whiskey Emoji｜WhiskeyEmoji/🥃Whiskey Emoji｜WhiskeyEmoji.svg,7014,4f9c6b7dbb422020a577b8f0a8fe9e25f2dd0e54db81ac288f0e368048c5fc16,2026-07-26T18:35:58.126032+00:00,,
LOCAL_FILE,VERIFIED_TRUE,whiskey-emoji/🥃Whiskey Emoji｜WhiskeyEmoji/🧪驗證回執｜VerificationReceipt.json,1134,e8305de4b14534107695e49878bf46c79491bd5e90929d7824c32e97bf74a81f,2026-07-26T18:37:02.098034+00:00,,
LOCAL_FILE,VERIFIED_TRUE,whiskey-emoji/🥃Whiskey Emoji｜WhiskeyEmoji｜20260727-023644_TPE.zip,296111,d76c1bc9957b74d2ba69806396ac3adbfc7e6ed4e1ecd6fe6c86e9c4b2d66a28,2026-07-26T18:37:18.150035+00:00,,
ZIP_MEMBER,VERIFIED_TRUE,whiskey-emoji/🥃Whiskey Emoji｜WhiskeyEmoji｜20260727-023644_TPE.zip,7014,4f9c6b7dbb422020a577b8f0a8fe9e25f2dd0e54db81ac288f0e368048c5fc16,,🥃Whiskey Emoji｜WhiskeyEmoji/🥃Whiskey Emoji｜WhiskeyEmoji.svg,CRC32=4c2caeed
ZIP_MEMBER,VERIFIED_TRUE,whiskey-emoji/🥃Whiskey Emoji｜WhiskeyEmoji｜20260727-023644_TPE.zip,1134,e8305de4b14534107695e49878bf46c79491bd5e90929d7824c32e97bf74a81f,,🥃Whiskey Emoji｜WhiskeyEmoji/🧪驗證回執｜VerificationReceipt.json,CRC32=fcc3dd83
ZIP_MEMBER,VERIFIED_TRUE,whiskey-emoji/🥃Whiskey Emoji｜WhiskeyEmoji｜20260727-023644_TPE.zip,324,a884eb5eeb8349158b3e2aafb5c75cbcc503d4603a79b89fcd47e6990075e9d6,,🥃Whiskey Emoji｜WhiskeyEmoji/🔐SHA256SUMS,CRC32=f70df9d1
ZIP_MEMBER,VERIFIED_TRUE,whiskey-emoji/🥃Whiskey Emoji｜WhiskeyEmoji｜20260727-023644_TPE.zip,303922,6497ffa125b46238b866eeb42d53d8c38179d31e9def33e8b8072a2fc6103946,,🥃Whiskey Emoji｜WhiskeyEmoji/🥃Whiskey Emoji｜WhiskeyEmoji.png,CRC32=dda4e433
ZIP_MEMBER,VERIFIED_TRUE,whiskey-emoji/🥃Whiskey Emoji｜WhiskeyEmoji｜20260727-023644_TPE.zip,3109,338d2887eb1e878e6a8dbccfa80009a6fe2e6e7c52a2651e000de9a3f0fec302,,🥃Whiskey Emoji｜WhiskeyEmoji/👁Whiskey Emoji 預覽｜WhiskeyEmojiPreview.html,CRC32=b89500c1
