record_no,evidence_status,workflow,run_id,run_number,run_attempt,event,status,conclusion,created_at_utc,updated_at_utc,head_branch,head_sha,actor,job_id,job_name,failed_step_number,failed_step_name,first_actual_error,error_source,run_url,job_coordinate
1,VERIFIED_TRUE,Python Package using Conda,30218736118,102,1,push,completed,failure,2026-07-26T20:19:47Z,2026-07-26T20:20:14Z,agent/open-source-upload-evidence-20260727,f69fd6701a32abb9ca4f67d228ecc667b65251d6,ky46738-ops,89837307747,build-linux,5,Install dependencies,EnvironmentFileNotFound: /home/runner/work/welcome/welcome/environment.yml file not found,SAME_UNCHANGED_WORKFLOW_ROOT_AND_FAILED_STEP,https://github.com/lkminiPhantomWorld/welcome/actions/runs/30218736118,https://github.com/lkminiPhantomWorld/welcome/actions/runs/30218736118/job/89837307747
2,VERIFIED_TRUE,Gatekeeper,30218736113,119,1,push,completed,failure,2026-07-26T20:19:47Z,2026-07-26T20:19:54Z,agent/open-source-upload-evidence-20260727,f69fd6701a32abb9ca4f67d228ecc667b65251d6,ky46738-ops,89837307721,verify,3,驗證 LKMini 公開種子,FAIL: 雜湊不一致：tools/verify_lkmini.py,LOCAL_GIT_TREE_REPLAY_CURRENT_EVIDENCE_BRANCH,https://github.com/lkminiPhantomWorld/welcome/actions/runs/30218736113,https://github.com/lkminiPhantomWorld/welcome/actions/runs/30218736113/job/89837307721
3,VERIFIED_TRUE,PR #6,30218736435,85,1,dynamic,completed,success,2026-07-26T20:19:48Z,2026-07-26T20:20:43Z,refs/pull/6/head,f69fd6701a32abb9ca4f67d228ecc667b65251d6,ky46738-ops,,,,,,RUN_METADATA,https://github.com/lkminiPhantomWorld/welcome/actions/runs/30218736435,
4,VERIFIED_TRUE,Gatekeeper,30218737457,120,1,pull_request,completed,failure,2026-07-26T20:19:50Z,2026-07-26T20:19:57Z,agent/open-source-upload-evidence-20260727,f69fd6701a32abb9ca4f67d228ecc667b65251d6,ky46738-ops,89837311640,verify,3,驗證 LKMini 公開種子,FAIL: 雜湊不一致：tools/verify_lkmini.py,LOCAL_GIT_TREE_REPLAY_CURRENT_EVIDENCE_BRANCH,https://github.com/lkminiPhantomWorld/welcome/actions/runs/30218737457,https://github.com/lkminiPhantomWorld/welcome/actions/runs/30218737457/job/89837311640
5,VERIFIED_TRUE,Python Package using Conda,30218746527,103,1,push,completed,failure,2026-07-26T20:20:06Z,2026-07-26T20:20:43Z,agent/open-source-upload-evidence-20260727,66d1036b3144d0e47ba77cc4c728980cefb3d4a4,ky46738-ops,89837334709,build-linux,5,Install dependencies,EnvironmentFileNotFound: /home/runner/work/welcome/welcome/environment.yml file not found,SAME_UNCHANGED_WORKFLOW_ROOT_AND_FAILED_STEP,https://github.com/lkminiPhantomWorld/welcome/actions/runs/30218746527,https://github.com/lkminiPhantomWorld/welcome/actions/runs/30218746527/job/89837334709
6,VERIFIED_TRUE,Gatekeeper,30218746526,121,1,push,completed,failure,2026-07-26T20:20:06Z,2026-07-26T20:20:18Z,agent/open-source-upload-evidence-20260727,66d1036b3144d0e47ba77cc4c728980cefb3d4a4,ky46738-ops,89837334713,verify,3,驗證 LKMini 公開種子,FAIL: 雜湊不一致：tools/verify_lkmini.py,LOCAL_GIT_TREE_REPLAY_CURRENT_EVIDENCE_BRANCH,https://github.com/lkminiPhantomWorld/welcome/actions/runs/30218746526,https://github.com/lkminiPhantomWorld/welcome/actions/runs/30218746526/job/89837334713
7,VERIFIED_TRUE,PR #6,30218747583,86,1,dynamic,completed,success,2026-07-26T20:20:07Z,2026-07-26T20:21:04Z,refs/pull/6/head,66d1036b3144d0e47ba77cc4c728980cefb3d4a4,ky46738-ops,,,,,,RUN_METADATA,https://github.com/lkminiPhantomWorld/welcome/actions/runs/30218747583,
8,VERIFIED_TRUE,Gatekeeper,30218747576,122,1,push,completed,failure,2026-07-26T20:20:07Z,2026-07-26T20:20:14Z,agent/open-source-upload-evidence-20260727,3a286afe262a1630d6fa5888b156261b7b5746d7,ky46738-ops,89837337260,verify,3,驗證 LKMini 公開種子,FAIL: 雜湊不一致：tools/verify_lkmini.py,LOCAL_GIT_TREE_REPLAY_CURRENT_EVIDENCE_BRANCH,https://github.com/lkminiPhantomWorld/welcome/actions/runs/30218747576,https://github.com/lkminiPhantomWorld/welcome/actions/runs/30218747576/job/89837337260
9,VERIFIED_TRUE,Python Package using Conda,30218747537,104,1,push,completed,failure,2026-07-26T20:20:07Z,2026-07-26T20:20:47Z,agent/open-source-upload-evidence-20260727,3a286afe262a1630d6fa5888b156261b7b5746d7,ky46738-ops,89837337240,build-linux,5,Install dependencies,EnvironmentFileNotFound: /home/runner/work/welcome/welcome/environment.yml file not found,SAME_UNCHANGED_WORKFLOW_ROOT_AND_FAILED_STEP,https://github.com/lkminiPhantomWorld/welcome/actions/runs/30218747537,https://github.com/lkminiPhantomWorld/welcome/actions/runs/30218747537/job/89837337240
10,VERIFIED_TRUE,Gatekeeper,30218748687,123,1,pull_request,completed,failure,2026-07-26T20:20:08Z,2026-07-26T20:20:16Z,agent/open-source-upload-evidence-20260727,3a286afe262a1630d6fa5888b156261b7b5746d7,ky46738-ops,89837339721,verify,3,驗證 LKMini 公開種子,FAIL: 雜湊不一致：tools/verify_lkmini.py,LOCAL_GIT_TREE_REPLAY_CURRENT_EVIDENCE_BRANCH,https://github.com/lkminiPhantomWorld/welcome/actions/runs/30218748687,https://github.com/lkminiPhantomWorld/welcome/actions/runs/30218748687/job/89837339721
11,VERIFIED_TRUE,PR #6,30218748088,87,1,dynamic,completed,success,2026-07-26T20:20:08Z,2026-07-26T20:21:03Z,refs/pull/6/head,3a286afe262a1630d6fa5888b156261b7b5746d7,ky46738-ops,,,,,,RUN_METADATA,https://github.com/lkminiPhantomWorld/welcome/actions/runs/30218748088,
12,VERIFIED_TRUE,Python Package using Conda,30218749172,105,1,push,completed,failure,2026-07-26T20:20:09Z,2026-07-26T20:20:43Z,agent/open-source-upload-evidence-20260727,41377b2aa6d937f3f0691f08b3d8816bbe027242,ky46738-ops,89837340763,build-linux,5,Install dependencies,EnvironmentFileNotFound: /home/runner/work/welcome/welcome/environment.yml file not found,SAME_UNCHANGED_WORKFLOW_ROOT_AND_FAILED_STEP,https://github.com/lkminiPhantomWorld/welcome/actions/runs/30218749172,https://github.com/lkminiPhantomWorld/welcome/actions/runs/30218749172/job/89837340763
13,VERIFIED_TRUE,Gatekeeper,30218749151,124,1,push,completed,failure,2026-07-26T20:20:09Z,2026-07-26T20:20:18Z,agent/open-source-upload-evidence-20260727,41377b2aa6d937f3f0691f08b3d8816bbe027242,ky46738-ops,89837340792,verify,3,驗證 LKMini 公開種子,FAIL: 雜湊不一致：tools/verify_lkmini.py,LOCAL_GIT_TREE_REPLAY_CURRENT_EVIDENCE_BRANCH,https://github.com/lkminiPhantomWorld/welcome/actions/runs/30218749151,https://github.com/lkminiPhantomWorld/welcome/actions/runs/30218749151/job/89837340792
14,VERIFIED_TRUE,PR #6,30218749577,88,1,dynamic,completed,success,2026-07-26T20:20:10Z,2026-07-26T20:21:03Z,refs/pull/6/head,41377b2aa6d937f3f0691f08b3d8816bbe027242,ky46738-ops,,,,,,RUN_METADATA,https://github.com/lkminiPhantomWorld/welcome/actions/runs/30218749577,
15,VERIFIED_TRUE,PR #6,30218750595,89,1,dynamic,completed,success,2026-07-26T20:20:11Z,2026-07-26T20:21:09Z,refs/pull/6/head,a44d619560f7c9725e7a2d73eed7b67ff9cb11e3,ky46738-ops,,,,,,RUN_METADATA,https://github.com/lkminiPhantomWorld/welcome/actions/runs/30218750595,
16,VERIFIED_TRUE,Python Package using Conda,30218750378,106,1,push,completed,failure,2026-07-26T20:20:11Z,2026-07-26T20:20:31Z,agent/open-source-upload-evidence-20260727,a44d619560f7c9725e7a2d73eed7b67ff9cb11e3,ky46738-ops,89837344587,build-linux,5,Install dependencies,EnvironmentFileNotFound: /home/runner/work/welcome/welcome/environment.yml file not found,SAME_UNCHANGED_WORKFLOW_ROOT_AND_FAILED_STEP,https://github.com/lkminiPhantomWorld/welcome/actions/runs/30218750378,https://github.com/lkminiPhantomWorld/welcome/actions/runs/30218750378/job/89837344587
17,VERIFIED_TRUE,Gatekeeper,30218750372,125,1,push,completed,failure,2026-07-26T20:20:11Z,2026-07-26T20:20:18Z,agent/open-source-upload-evidence-20260727,a44d619560f7c9725e7a2d73eed7b67ff9cb11e3,ky46738-ops,89837344494,verify,3,驗證 LKMini 公開種子,FAIL: 雜湊不一致：tools/verify_lkmini.py,LOCAL_GIT_TREE_REPLAY_CURRENT_EVIDENCE_BRANCH,https://github.com/lkminiPhantomWorld/welcome/actions/runs/30218750372,https://github.com/lkminiPhantomWorld/welcome/actions/runs/30218750372/job/89837344494
18,VERIFIED_TRUE,Gatekeeper,30218751526,127,1,push,completed,failure,2026-07-26T20:20:12Z,2026-07-26T20:20:20Z,agent/open-source-upload-evidence-20260727,ae6e1060279279319caf2c0e4fc9fe1622d8021d,ky46738-ops,89837348154,verify,3,驗證 LKMini 公開種子,FAIL: 雜湊不一致：tools/verify_lkmini.py,LOCAL_GIT_TREE_REPLAY_CURRENT_EVIDENCE_BRANCH,https://github.com/lkminiPhantomWorld/welcome/actions/runs/30218751526,https://github.com/lkminiPhantomWorld/welcome/actions/runs/30218751526/job/89837348154
19,VERIFIED_TRUE,Python Package using Conda,30218751521,107,1,push,completed,failure,2026-07-26T20:20:12Z,2026-07-26T20:20:49Z,agent/open-source-upload-evidence-20260727,ae6e1060279279319caf2c0e4fc9fe1622d8021d,ky46738-ops,89837348169,build-linux,5,Install dependencies,EnvironmentFileNotFound: /home/runner/work/welcome/welcome/environment.yml file not found,SAME_UNCHANGED_WORKFLOW_ROOT_AND_FAILED_STEP,https://github.com/lkminiPhantomWorld/welcome/actions/runs/30218751521,https://github.com/lkminiPhantomWorld/welcome/actions/runs/30218751521/job/89837348169
20,VERIFIED_TRUE,Gatekeeper,30218751425,126,1,pull_request,completed,failure,2026-07-26T20:20:12Z,2026-07-26T20:20:20Z,agent/open-source-upload-evidence-20260727,a44d619560f7c9725e7a2d73eed7b67ff9cb11e3,ky46738-ops,89837347814,verify,3,驗證 LKMini 公開種子,FAIL: 雜湊不一致：tools/verify_lkmini.py,LOCAL_GIT_TREE_REPLAY_CURRENT_EVIDENCE_BRANCH,https://github.com/lkminiPhantomWorld/welcome/actions/runs/30218751425,https://github.com/lkminiPhantomWorld/welcome/actions/runs/30218751425/job/89837347814
21,VERIFIED_TRUE,PR #6,30218751973,90,1,dynamic,completed,success,2026-07-26T20:20:13Z,2026-07-26T20:21:09Z,refs/pull/6/head,ae6e1060279279319caf2c0e4fc9fe1622d8021d,ky46738-ops,,,,,,RUN_METADATA,https://github.com/lkminiPhantomWorld/welcome/actions/runs/30218751973,
22,VERIFIED_TRUE,Python Package using Conda,30218752896,108,1,push,completed,failure,2026-07-26T20:20:14Z,2026-07-26T20:20:46Z,agent/open-source-upload-evidence-20260727,aa6a6a31f72fc98b9cd2484e60daff60e013fece,ky46738-ops,89837351803,build-linux,5,Install dependencies,EnvironmentFileNotFound: /home/runner/work/welcome/welcome/environment.yml file not found,SAME_UNCHANGED_WORKFLOW_ROOT_AND_FAILED_STEP,https://github.com/lkminiPhantomWorld/welcome/actions/runs/30218752896,https://github.com/lkminiPhantomWorld/welcome/actions/runs/30218752896/job/89837351803
23,VERIFIED_TRUE,Gatekeeper,30218752891,128,1,push,completed,failure,2026-07-26T20:20:14Z,2026-07-26T20:20:25Z,agent/open-source-upload-evidence-20260727,aa6a6a31f72fc98b9cd2484e60daff60e013fece,ky46738-ops,89837351959,verify,3,驗證 LKMini 公開種子,FAIL: 雜湊不一致：tools/verify_lkmini.py,LOCAL_GIT_TREE_REPLAY_CURRENT_EVIDENCE_BRANCH,https://github.com/lkminiPhantomWorld/welcome/actions/runs/30218752891,https://github.com/lkminiPhantomWorld/welcome/actions/runs/30218752891/job/89837351959
24,VERIFIED_TRUE,Gatekeeper,30218753682,129,1,pull_request,completed,failure,2026-07-26T20:20:15Z,2026-07-26T20:20:28Z,agent/open-source-upload-evidence-20260727,aa6a6a31f72fc98b9cd2484e60daff60e013fece,ky46738-ops,89837353953,verify,3,驗證 LKMini 公開種子,FAIL: 雜湊不一致：tools/verify_lkmini.py,LOCAL_GIT_TREE_REPLAY_CURRENT_EVIDENCE_BRANCH,https://github.com/lkminiPhantomWorld/welcome/actions/runs/30218753682,https://github.com/lkminiPhantomWorld/welcome/actions/runs/30218753682/job/89837353953
25,VERIFIED_TRUE,PR #6,30218753064,91,1,dynamic,completed,success,2026-07-26T20:20:15Z,2026-07-26T20:21:16Z,refs/pull/6/head,aa6a6a31f72fc98b9cd2484e60daff60e013fece,ky46738-ops,,,,,,RUN_METADATA,https://github.com/lkminiPhantomWorld/welcome/actions/runs/30218753064,
26,VERIFIED_TRUE,PR #6,30218754499,92,1,dynamic,completed,success,2026-07-26T20:20:17Z,2026-07-26T20:21:15Z,refs/pull/6/head,0d52e5dedbb824848342093232cda674d33de855,ky46738-ops,,,,,,RUN_METADATA,https://github.com/lkminiPhantomWorld/welcome/actions/runs/30218754499,
27,VERIFIED_TRUE,Gatekeeper,30218754444,130,1,push,completed,failure,2026-07-26T20:20:17Z,2026-07-26T20:20:28Z,agent/open-source-upload-evidence-20260727,0d52e5dedbb824848342093232cda674d33de855,ky46738-ops,89837355999,verify,3,驗證 LKMini 公開種子,FAIL: 雜湊不一致：tools/verify_lkmini.py,LOCAL_GIT_TREE_REPLAY_CURRENT_EVIDENCE_BRANCH,https://github.com/lkminiPhantomWorld/welcome/actions/runs/30218754444,https://github.com/lkminiPhantomWorld/welcome/actions/runs/30218754444/job/89837355999
28,VERIFIED_TRUE,Python Package using Conda,30218754423,109,1,push,completed,failure,2026-07-26T20:20:17Z,2026-07-26T20:20:40Z,agent/open-source-upload-evidence-20260727,0d52e5dedbb824848342093232cda674d33de855,ky46738-ops,89837355837,build-linux,5,Install dependencies,EnvironmentFileNotFound: /home/runner/work/welcome/welcome/environment.yml file not found,SAME_UNCHANGED_WORKFLOW_ROOT_AND_FAILED_STEP,https://github.com/lkminiPhantomWorld/welcome/actions/runs/30218754423,https://github.com/lkminiPhantomWorld/welcome/actions/runs/30218754423/job/89837355837
29,VERIFIED_TRUE,Gatekeeper,30218755234,131,1,push,completed,failure,2026-07-26T20:20:18Z,2026-07-26T20:20:30Z,agent/open-source-upload-evidence-20260727,b29bc1da610940f27dec3e86d620fcdbb244fe16,ky46738-ops,89837358572,verify,3,驗證 LKMini 公開種子,FAIL: 雜湊不一致：tools/verify_lkmini.py,LOCAL_GIT_TREE_REPLAY_CURRENT_EVIDENCE_BRANCH,https://github.com/lkminiPhantomWorld/welcome/actions/runs/30218755234,https://github.com/lkminiPhantomWorld/welcome/actions/runs/30218755234/job/89837358572
30,VERIFIED_TRUE,Python Package using Conda,30218755232,110,1,push,completed,failure,2026-07-26T20:20:18Z,2026-07-26T20:20:55Z,agent/open-source-upload-evidence-20260727,b29bc1da610940f27dec3e86d620fcdbb244fe16,ky46738-ops,89837358530,build-linux,5,Install dependencies,EnvironmentFileNotFound: /home/runner/work/welcome/welcome/environment.yml file not found,SAME_UNCHANGED_WORKFLOW_ROOT_AND_FAILED_STEP,https://github.com/lkminiPhantomWorld/welcome/actions/runs/30218755232,https://github.com/lkminiPhantomWorld/welcome/actions/runs/30218755232/job/89837358530
31,VERIFIED_TRUE,PR #6,30218755895,93,1,dynamic,completed,success,2026-07-26T20:20:19Z,2026-07-26T20:21:16Z,refs/pull/6/head,b29bc1da610940f27dec3e86d620fcdbb244fe16,ky46738-ops,,,,,,RUN_METADATA,https://github.com/lkminiPhantomWorld/welcome/actions/runs/30218755895,
32,VERIFIED_TRUE,PR #6,30218756705,94,1,dynamic,completed,success,2026-07-26T20:20:20Z,2026-07-26T20:21:14Z,refs/pull/6/head,4b758ef9e7a9a73a451698ae2264508dc36575d8,ky46738-ops,,,,,,RUN_METADATA,https://github.com/lkminiPhantomWorld/welcome/actions/runs/30218756705,
33,VERIFIED_TRUE,Gatekeeper,30218756281,132,1,push,completed,failure,2026-07-26T20:20:20Z,2026-07-26T20:20:27Z,agent/open-source-upload-evidence-20260727,4b758ef9e7a9a73a451698ae2264508dc36575d8,ky46738-ops,89837361407,verify,3,驗證 LKMini 公開種子,FAIL: 雜湊不一致：tools/verify_lkmini.py,LOCAL_GIT_TREE_REPLAY_CURRENT_EVIDENCE_BRANCH,https://github.com/lkminiPhantomWorld/welcome/actions/runs/30218756281,https://github.com/lkminiPhantomWorld/welcome/actions/runs/30218756281/job/89837361407
34,VERIFIED_TRUE,Python Package using Conda,30218756263,111,1,push,completed,failure,2026-07-26T20:20:20Z,2026-07-26T20:20:46Z,agent/open-source-upload-evidence-20260727,4b758ef9e7a9a73a451698ae2264508dc36575d8,ky46738-ops,89837361224,build-linux,5,Install dependencies,EnvironmentFileNotFound: /home/runner/work/welcome/welcome/environment.yml file not found,SAME_UNCHANGED_WORKFLOW_ROOT_AND_FAILED_STEP,https://github.com/lkminiPhantomWorld/welcome/actions/runs/30218756263,https://github.com/lkminiPhantomWorld/welcome/actions/runs/30218756263/job/89837361224
35,VERIFIED_TRUE,Python Package using Conda,30218757270,112,1,push,completed,failure,2026-07-26T20:20:21Z,2026-07-26T20:20:55Z,agent/open-source-upload-evidence-20260727,764c792601eaa5fb13247c02267a050d4ea48bd6,ky46738-ops,89837364332,build-linux,5,Install dependencies,EnvironmentFileNotFound: /home/runner/work/welcome/welcome/environment.yml file not found,SAME_UNCHANGED_WORKFLOW_ROOT_AND_FAILED_STEP,https://github.com/lkminiPhantomWorld/welcome/actions/runs/30218757270,https://github.com/lkminiPhantomWorld/welcome/actions/runs/30218757270/job/89837364332
36,VERIFIED_TRUE,Gatekeeper,30218757269,134,1,push,completed,failure,2026-07-26T20:20:21Z,2026-07-26T20:20:32Z,agent/open-source-upload-evidence-20260727,764c792601eaa5fb13247c02267a050d4ea48bd6,ky46738-ops,89837364285,verify,3,驗證 LKMini 公開種子,FAIL: 雜湊不一致：tools/verify_lkmini.py,LOCAL_GIT_TREE_REPLAY_CURRENT_EVIDENCE_BRANCH,https://github.com/lkminiPhantomWorld/welcome/actions/runs/30218757269,https://github.com/lkminiPhantomWorld/welcome/actions/runs/30218757269/job/89837364285
37,VERIFIED_TRUE,Gatekeeper,30218757247,133,1,pull_request,completed,failure,2026-07-26T20:20:21Z,2026-07-26T20:20:30Z,agent/open-source-upload-evidence-20260727,4b758ef9e7a9a73a451698ae2264508dc36575d8,ky46738-ops,89837364324,verify,3,驗證 LKMini 公開種子,FAIL: 雜湊不一致：tools/verify_lkmini.py,LOCAL_GIT_TREE_REPLAY_CURRENT_EVIDENCE_BRANCH,https://github.com/lkminiPhantomWorld/welcome/actions/runs/30218757247,https://github.com/lkminiPhantomWorld/welcome/actions/runs/30218757247/job/89837364324
38,VERIFIED_TRUE,PR #6,30218757675,95,1,dynamic,completed,success,2026-07-26T20:20:22Z,2026-07-26T20:21:28Z,refs/pull/6/head,764c792601eaa5fb13247c02267a050d4ea48bd6,ky46738-ops,,,,,,RUN_METADATA,https://github.com/lkminiPhantomWorld/welcome/actions/runs/30218757675,
39,VERIFIED_TRUE,PR #6,30218758810,96,1,dynamic,completed,success,2026-07-26T20:20:24Z,2026-07-26T20:21:20Z,refs/pull/6/head,22f1ef1cdde1fc6fedd9029786b939f5e964727d,ky46738-ops,,,,,,RUN_METADATA,https://github.com/lkminiPhantomWorld/welcome/actions/runs/30218758810,
40,VERIFIED_TRUE,Python Package using Conda,30218758660,113,1,push,completed,failure,2026-07-26T20:20:24Z,2026-07-26T20:20:49Z,agent/open-source-upload-evidence-20260727,22f1ef1cdde1fc6fedd9029786b939f5e964727d,ky46738-ops,89837368063,build-linux,5,Install dependencies,EnvironmentFileNotFound: /home/runner/work/welcome/welcome/environment.yml file not found,SAME_UNCHANGED_WORKFLOW_ROOT_AND_FAILED_STEP,https://github.com/lkminiPhantomWorld/welcome/actions/runs/30218758660,https://github.com/lkminiPhantomWorld/welcome/actions/runs/30218758660/job/89837368063
41,VERIFIED_TRUE,Gatekeeper,30218758653,135,1,push,completed,failure,2026-07-26T20:20:24Z,2026-07-26T20:20:32Z,agent/open-source-upload-evidence-20260727,22f1ef1cdde1fc6fedd9029786b939f5e964727d,ky46738-ops,89837368169,verify,3,驗證 LKMini 公開種子,FAIL: 雜湊不一致：tools/verify_lkmini.py,LOCAL_GIT_TREE_REPLAY_CURRENT_EVIDENCE_BRANCH,https://github.com/lkminiPhantomWorld/welcome/actions/runs/30218758653,https://github.com/lkminiPhantomWorld/welcome/actions/runs/30218758653/job/89837368169
42,VERIFIED_TRUE,Python Package using Conda,30218759651,114,1,push,completed,failure,2026-07-26T20:20:25Z,2026-07-26T20:21:04Z,agent/open-source-upload-evidence-20260727,1587c73e4c37dd7d810c313803d7d02f429ee564,ky46738-ops,89837370658,build-linux,5,Install dependencies,EnvironmentFileNotFound: /home/runner/work/welcome/welcome/environment.yml file not found,SAME_UNCHANGED_WORKFLOW_ROOT_AND_FAILED_STEP,https://github.com/lkminiPhantomWorld/welcome/actions/runs/30218759651,https://github.com/lkminiPhantomWorld/welcome/actions/runs/30218759651/job/89837370658
43,VERIFIED_TRUE,Gatekeeper,30218759635,137,1,push,completed,failure,2026-07-26T20:20:25Z,2026-07-26T20:20:35Z,agent/open-source-upload-evidence-20260727,1587c73e4c37dd7d810c313803d7d02f429ee564,ky46738-ops,89837370612,verify,3,驗證 LKMini 公開種子,FAIL: 雜湊不一致：tools/verify_lkmini.py,LOCAL_GIT_TREE_REPLAY_CURRENT_EVIDENCE_BRANCH,https://github.com/lkminiPhantomWorld/welcome/actions/runs/30218759635,https://github.com/lkminiPhantomWorld/welcome/actions/runs/30218759635/job/89837370612
44,VERIFIED_TRUE,Gatekeeper,30218759144,136,1,pull_request,completed,failure,2026-07-26T20:20:25Z,2026-07-26T20:20:33Z,agent/open-source-upload-evidence-20260727,22f1ef1cdde1fc6fedd9029786b939f5e964727d,ky46738-ops,89837369360,verify,3,驗證 LKMini 公開種子,FAIL: 雜湊不一致：tools/verify_lkmini.py,LOCAL_GIT_TREE_REPLAY_CURRENT_EVIDENCE_BRANCH,https://github.com/lkminiPhantomWorld/welcome/actions/runs/30218759144,https://github.com/lkminiPhantomWorld/welcome/actions/runs/30218759144/job/89837369360
45,VERIFIED_TRUE,PR #6,30218759917,97,1,dynamic,completed,success,2026-07-26T20:20:26Z,2026-07-26T20:21:29Z,refs/pull/6/head,1587c73e4c37dd7d810c313803d7d02f429ee564,ky46738-ops,,,,,,RUN_METADATA,https://github.com/lkminiPhantomWorld/welcome/actions/runs/30218759917,
46,VERIFIED_TRUE,Gatekeeper,30218760666,138,1,push,completed,failure,2026-07-26T20:20:27Z,2026-07-26T20:20:35Z,agent/open-source-upload-evidence-20260727,e443d0a9ab9af5e476d215f4eefc1e3633c64be1,ky46738-ops,89837373572,verify,3,驗證 LKMini 公開種子,FAIL: 雜湊不一致：tools/verify_lkmini.py,LOCAL_GIT_TREE_REPLAY_CURRENT_EVIDENCE_BRANCH,https://github.com/lkminiPhantomWorld/welcome/actions/runs/30218760666,https://github.com/lkminiPhantomWorld/welcome/actions/runs/30218760666/job/89837373572
47,VERIFIED_TRUE,Python Package using Conda,30218760628,115,1,push,completed,failure,2026-07-26T20:20:27Z,2026-07-26T20:20:54Z,agent/open-source-upload-evidence-20260727,e443d0a9ab9af5e476d215f4eefc1e3633c64be1,ky46738-ops,89837373443,build-linux,5,Install dependencies,EnvironmentFileNotFound: /home/runner/work/welcome/welcome/environment.yml file not found,SAME_UNCHANGED_WORKFLOW_ROOT_AND_FAILED_STEP,https://github.com/lkminiPhantomWorld/welcome/actions/runs/30218760628,https://github.com/lkminiPhantomWorld/welcome/actions/runs/30218760628/job/89837373443
48,VERIFIED_TRUE,Gatekeeper,30218761252,139,1,pull_request,completed,failure,2026-07-26T20:20:28Z,2026-07-26T20:20:36Z,agent/open-source-upload-evidence-20260727,e443d0a9ab9af5e476d215f4eefc1e3633c64be1,ky46738-ops,89837375141,verify,3,驗證 LKMini 公開種子,FAIL: 雜湊不一致：tools/verify_lkmini.py,LOCAL_GIT_TREE_REPLAY_CURRENT_EVIDENCE_BRANCH,https://github.com/lkminiPhantomWorld/welcome/actions/runs/30218761252,https://github.com/lkminiPhantomWorld/welcome/actions/runs/30218761252/job/89837375141
49,VERIFIED_TRUE,PR #6,30218761144,98,1,dynamic,completed,success,2026-07-26T20:20:28Z,2026-07-26T20:21:21Z,refs/pull/6/head,e443d0a9ab9af5e476d215f4eefc1e3633c64be1,ky46738-ops,,,,,,RUN_METADATA,https://github.com/lkminiPhantomWorld/welcome/actions/runs/30218761144,
50,VERIFIED_TRUE,PR #6,30218761979,99,1,dynamic,completed,success,2026-07-26T20:20:29Z,2026-07-26T20:21:29Z,refs/pull/6/head,bd800d6128eadeb7174a921f8e480331585bc04a,ky46738-ops,,,,,,RUN_METADATA,https://github.com/lkminiPhantomWorld/welcome/actions/runs/30218761979,
51,VERIFIED_TRUE,Gatekeeper,30218761587,140,1,push,completed,failure,2026-07-26T20:20:29Z,2026-07-26T20:20:36Z,agent/open-source-upload-evidence-20260727,bd800d6128eadeb7174a921f8e480331585bc04a,ky46738-ops,89837375924,verify,3,驗證 LKMini 公開種子,FAIL: 雜湊不一致：tools/verify_lkmini.py,LOCAL_GIT_TREE_REPLAY_CURRENT_EVIDENCE_BRANCH,https://github.com/lkminiPhantomWorld/welcome/actions/runs/30218761587,https://github.com/lkminiPhantomWorld/welcome/actions/runs/30218761587/job/89837375924
52,VERIFIED_TRUE,Python Package using Conda,30218761583,116,1,push,completed,failure,2026-07-26T20:20:29Z,2026-07-26T20:20:51Z,agent/open-source-upload-evidence-20260727,bd800d6128eadeb7174a921f8e480331585bc04a,ky46738-ops,89837375871,build-linux,5,Install dependencies,EnvironmentFileNotFound: /home/runner/work/welcome/welcome/environment.yml file not found,SAME_UNCHANGED_WORKFLOW_ROOT_AND_FAILED_STEP,https://github.com/lkminiPhantomWorld/welcome/actions/runs/30218761583,https://github.com/lkminiPhantomWorld/welcome/actions/runs/30218761583/job/89837375871
53,VERIFIED_TRUE,PR #6,30218762905,100,1,dynamic,completed,success,2026-07-26T20:20:31Z,2026-07-26T20:21:24Z,refs/pull/6/head,7b77a9b428365394c4255527ac8cdfb8a186c351,ky46738-ops,,,,,,RUN_METADATA,https://github.com/lkminiPhantomWorld/welcome/actions/runs/30218762905,
54,VERIFIED_TRUE,Gatekeeper,30218762705,141,1,push,completed,failure,2026-07-26T20:20:31Z,2026-07-26T20:20:39Z,agent/open-source-upload-evidence-20260727,7b77a9b428365394c4255527ac8cdfb8a186c351,ky46738-ops,89837379114,verify,3,驗證 LKMini 公開種子,FAIL: 雜湊不一致：tools/verify_lkmini.py,LOCAL_GIT_TREE_REPLAY_CURRENT_EVIDENCE_BRANCH,https://github.com/lkminiPhantomWorld/welcome/actions/runs/30218762705,https://github.com/lkminiPhantomWorld/welcome/actions/runs/30218762705/job/89837379114
55,VERIFIED_TRUE,Python Package using Conda,30218762701,117,1,push,completed,failure,2026-07-26T20:20:31Z,2026-07-26T20:21:09Z,agent/open-source-upload-evidence-20260727,7b77a9b428365394c4255527ac8cdfb8a186c351,ky46738-ops,89837378965,build-linux,5,Install dependencies,EnvironmentFileNotFound: /home/runner/work/welcome/welcome/environment.yml file not found,SAME_UNCHANGED_WORKFLOW_ROOT_AND_FAILED_STEP,https://github.com/lkminiPhantomWorld/welcome/actions/runs/30218762701,https://github.com/lkminiPhantomWorld/welcome/actions/runs/30218762701/job/89837378965
56,VERIFIED_TRUE,Python Package using Conda,30218763575,118,1,push,completed,failure,2026-07-26T20:20:32Z,2026-07-26T20:21:05Z,agent/open-source-upload-evidence-20260727,5240334fe50d96e67d6493c7fdffac5a35723205,ky46738-ops,89837381490,build-linux,5,Install dependencies,EnvironmentFileNotFound: /home/runner/work/welcome/welcome/environment.yml file not found,SAME_UNCHANGED_WORKFLOW_ROOT_AND_FAILED_STEP,https://github.com/lkminiPhantomWorld/welcome/actions/runs/30218763575,https://github.com/lkminiPhantomWorld/welcome/actions/runs/30218763575/job/89837381490
57,VERIFIED_TRUE,Gatekeeper,30218763546,143,1,push,completed,failure,2026-07-26T20:20:32Z,2026-07-26T20:20:40Z,agent/open-source-upload-evidence-20260727,5240334fe50d96e67d6493c7fdffac5a35723205,ky46738-ops,89837381302,verify,3,驗證 LKMini 公開種子,FAIL: 雜湊不一致：tools/verify_lkmini.py,LOCAL_GIT_TREE_REPLAY_CURRENT_EVIDENCE_BRANCH,https://github.com/lkminiPhantomWorld/welcome/actions/runs/30218763546,https://github.com/lkminiPhantomWorld/welcome/actions/runs/30218763546/job/89837381302
58,VERIFIED_TRUE,Gatekeeper,30218763295,142,1,pull_request,completed,failure,2026-07-26T20:20:32Z,2026-07-26T20:20:42Z,agent/open-source-upload-evidence-20260727,7b77a9b428365394c4255527ac8cdfb8a186c351,ky46738-ops,89837380614,verify,3,驗證 LKMini 公開種子,FAIL: 雜湊不一致：tools/verify_lkmini.py,LOCAL_GIT_TREE_REPLAY_CURRENT_EVIDENCE_BRANCH,https://github.com/lkminiPhantomWorld/welcome/actions/runs/30218763295,https://github.com/lkminiPhantomWorld/welcome/actions/runs/30218763295/job/89837380614
59,VERIFIED_TRUE,PR #6,30218764036,101,1,dynamic,completed,success,2026-07-26T20:20:33Z,2026-07-26T20:21:27Z,refs/pull/6/head,5240334fe50d96e67d6493c7fdffac5a35723205,ky46738-ops,,,,,,RUN_METADATA,https://github.com/lkminiPhantomWorld/welcome/actions/runs/30218764036,
60,VERIFIED_TRUE,PR #6,30218764870,102,1,dynamic,completed,success,2026-07-26T20:20:34Z,2026-07-26T20:21:36Z,refs/pull/6/head,99556d106d25122af697a31edb1551cd9536d00b,ky46738-ops,,,,,,RUN_METADATA,https://github.com/lkminiPhantomWorld/welcome/actions/runs/30218764870,
61,VERIFIED_TRUE,Gatekeeper,30218764538,144,1,push,completed,failure,2026-07-26T20:20:34Z,2026-07-26T20:20:41Z,agent/open-source-upload-evidence-20260727,99556d106d25122af697a31edb1551cd9536d00b,ky46738-ops,89837384019,verify,3,驗證 LKMini 公開種子,FAIL: 雜湊不一致：tools/verify_lkmini.py,LOCAL_GIT_TREE_REPLAY_CURRENT_EVIDENCE_BRANCH,https://github.com/lkminiPhantomWorld/welcome/actions/runs/30218764538,https://github.com/lkminiPhantomWorld/welcome/actions/runs/30218764538/job/89837384019
62,VERIFIED_TRUE,Python Package using Conda,30218764529,119,1,push,completed,failure,2026-07-26T20:20:34Z,2026-07-26T20:21:12Z,agent/open-source-upload-evidence-20260727,99556d106d25122af697a31edb1551cd9536d00b,ky46738-ops,89837383986,build-linux,5,Install dependencies,EnvironmentFileNotFound: /home/runner/work/welcome/welcome/environment.yml file not found,SAME_UNCHANGED_WORKFLOW_ROOT_AND_FAILED_STEP,https://github.com/lkminiPhantomWorld/welcome/actions/runs/30218764529,https://github.com/lkminiPhantomWorld/welcome/actions/runs/30218764529/job/89837383986
63,VERIFIED_TRUE,PR #6,30218765977,103,1,dynamic,completed,success,2026-07-26T20:20:36Z,2026-07-26T20:21:32Z,refs/pull/6/head,7276da946fffc1b997fc00b67df88d0e8539ae99,ky46738-ops,,,,,,RUN_METADATA,https://github.com/lkminiPhantomWorld/welcome/actions/runs/30218765977,
64,VERIFIED_TRUE,Gatekeeper,30218765558,145,1,push,completed,failure,2026-07-26T20:20:36Z,2026-07-26T20:20:47Z,agent/open-source-upload-evidence-20260727,7276da946fffc1b997fc00b67df88d0e8539ae99,ky46738-ops,89837386813,verify,3,驗證 LKMini 公開種子,FAIL: 雜湊不一致：tools/verify_lkmini.py,LOCAL_GIT_TREE_REPLAY_CURRENT_EVIDENCE_BRANCH,https://github.com/lkminiPhantomWorld/welcome/actions/runs/30218765558,https://github.com/lkminiPhantomWorld/welcome/actions/runs/30218765558/job/89837386813
65,VERIFIED_TRUE,Python Package using Conda,30218765553,120,1,push,completed,failure,2026-07-26T20:20:36Z,2026-07-26T20:21:03Z,agent/open-source-upload-evidence-20260727,7276da946fffc1b997fc00b67df88d0e8539ae99,ky46738-ops,89837386894,build-linux,5,Install dependencies,EnvironmentFileNotFound: /home/runner/work/welcome/welcome/environment.yml file not found,SAME_UNCHANGED_WORKFLOW_ROOT_AND_FAILED_STEP,https://github.com/lkminiPhantomWorld/welcome/actions/runs/30218765553,https://github.com/lkminiPhantomWorld/welcome/actions/runs/30218765553/job/89837386894
66,VERIFIED_TRUE,Gatekeeper,30218766254,146,1,pull_request,completed,failure,2026-07-26T20:20:37Z,2026-07-26T20:20:45Z,agent/open-source-upload-evidence-20260727,7276da946fffc1b997fc00b67df88d0e8539ae99,ky46738-ops,89837388730,verify,3,驗證 LKMini 公開種子,FAIL: 雜湊不一致：tools/verify_lkmini.py,LOCAL_GIT_TREE_REPLAY_CURRENT_EVIDENCE_BRANCH,https://github.com/lkminiPhantomWorld/welcome/actions/runs/30218766254,https://github.com/lkminiPhantomWorld/welcome/actions/runs/30218766254/job/89837388730
67,VERIFIED_TRUE,PR #6,30218767057,104,1,dynamic,completed,success,2026-07-26T20:20:38Z,2026-07-26T20:21:31Z,refs/pull/6/head,12c84b20bfe430957c329f8b35d542b26a4fa2c6,ky46738-ops,,,,,,RUN_METADATA,https://github.com/lkminiPhantomWorld/welcome/actions/runs/30218767057,
68,VERIFIED_TRUE,Gatekeeper,30218766716,147,1,push,completed,failure,2026-07-26T20:20:38Z,2026-07-26T20:20:45Z,agent/open-source-upload-evidence-20260727,12c84b20bfe430957c329f8b35d542b26a4fa2c6,ky46738-ops,89837389971,verify,3,驗證 LKMini 公開種子,FAIL: 雜湊不一致：tools/verify_lkmini.py,LOCAL_GIT_TREE_REPLAY_CURRENT_EVIDENCE_BRANCH,https://github.com/lkminiPhantomWorld/welcome/actions/runs/30218766716,https://github.com/lkminiPhantomWorld/welcome/actions/runs/30218766716/job/89837389971
69,VERIFIED_TRUE,Python Package using Conda,30218766704,121,1,push,completed,failure,2026-07-26T20:20:38Z,2026-07-26T20:21:17Z,agent/open-source-upload-evidence-20260727,12c84b20bfe430957c329f8b35d542b26a4fa2c6,ky46738-ops,89837389957,build-linux,5,Install dependencies,EnvironmentFileNotFound: /home/runner/work/welcome/welcome/environment.yml file not found,SAME_UNCHANGED_WORKFLOW_ROOT_AND_FAILED_STEP,https://github.com/lkminiPhantomWorld/welcome/actions/runs/30218766704,https://github.com/lkminiPhantomWorld/welcome/actions/runs/30218766704/job/89837389957
70,VERIFIED_TRUE,Python Package using Conda,30218767668,122,1,push,completed,failure,2026-07-26T20:20:39Z,2026-07-26T20:21:14Z,agent/open-source-upload-evidence-20260727,d9180cc1a8d9c45f0169e8a664deaccbf8821e9e,ky46738-ops,89837392672,build-linux,5,Install dependencies,EnvironmentFileNotFound: /home/runner/work/welcome/welcome/environment.yml file not found,SAME_UNCHANGED_WORKFLOW_ROOT_AND_FAILED_STEP,https://github.com/lkminiPhantomWorld/welcome/actions/runs/30218767668,https://github.com/lkminiPhantomWorld/welcome/actions/runs/30218767668/job/89837392672
71,VERIFIED_TRUE,Gatekeeper,30218767666,148,1,push,completed,failure,2026-07-26T20:20:39Z,2026-07-26T20:20:47Z,agent/open-source-upload-evidence-20260727,d9180cc1a8d9c45f0169e8a664deaccbf8821e9e,ky46738-ops,89837392618,verify,3,驗證 LKMini 公開種子,FAIL: 雜湊不一致：tools/verify_lkmini.py,LOCAL_GIT_TREE_REPLAY_CURRENT_EVIDENCE_BRANCH,https://github.com/lkminiPhantomWorld/welcome/actions/runs/30218767666,https://github.com/lkminiPhantomWorld/welcome/actions/runs/30218767666/job/89837392618
72,VERIFIED_TRUE,PR #6,30218767987,105,1,dynamic,completed,success,2026-07-26T20:20:40Z,2026-07-26T20:21:32Z,refs/pull/6/head,d9180cc1a8d9c45f0169e8a664deaccbf8821e9e,ky46738-ops,,,,,,RUN_METADATA,https://github.com/lkminiPhantomWorld/welcome/actions/runs/30218767987,
73,VERIFIED_TRUE,Gatekeeper,30218768573,149,1,pull_request,completed,failure,2026-07-26T20:20:41Z,2026-07-26T20:20:51Z,agent/open-source-upload-evidence-20260727,d9180cc1a8d9c45f0169e8a664deaccbf8821e9e,ky46738-ops,89837394856,verify,3,驗證 LKMini 公開種子,FAIL: 雜湊不一致：tools/verify_lkmini.py,LOCAL_GIT_TREE_REPLAY_CURRENT_EVIDENCE_BRANCH,https://github.com/lkminiPhantomWorld/welcome/actions/runs/30218768573,https://github.com/lkminiPhantomWorld/welcome/actions/runs/30218768573/job/89837394856
74,VERIFIED_TRUE,Gatekeeper,30218769354,150,1,push,completed,failure,2026-07-26T20:20:42Z,2026-07-26T20:20:52Z,agent/open-source-upload-evidence-20260727,e8eea30befd3c51ef21c782d4d2cd20aead1aeda,ky46738-ops,89837396781,verify,3,驗證 LKMini 公開種子,FAIL: 雜湊不一致：tools/verify_lkmini.py,LOCAL_GIT_TREE_REPLAY_CURRENT_EVIDENCE_BRANCH,https://github.com/lkminiPhantomWorld/welcome/actions/runs/30218769354,https://github.com/lkminiPhantomWorld/welcome/actions/runs/30218769354/job/89837396781
75,VERIFIED_TRUE,Python Package using Conda,30218769338,123,1,push,completed,failure,2026-07-26T20:20:42Z,2026-07-26T20:21:16Z,agent/open-source-upload-evidence-20260727,e8eea30befd3c51ef21c782d4d2cd20aead1aeda,ky46738-ops,89837396864,build-linux,5,Install dependencies,EnvironmentFileNotFound: /home/runner/work/welcome/welcome/environment.yml file not found,SAME_UNCHANGED_WORKFLOW_ROOT_AND_FAILED_STEP,https://github.com/lkminiPhantomWorld/welcome/actions/runs/30218769338,https://github.com/lkminiPhantomWorld/welcome/actions/runs/30218769338/job/89837396864
76,VERIFIED_TRUE,PR #6,30218769538,106,1,dynamic,completed,success,2026-07-26T20:20:43Z,2026-07-26T20:21:44Z,refs/pull/6/head,e8eea30befd3c51ef21c782d4d2cd20aead1aeda,ky46738-ops,,,,,,RUN_METADATA,https://github.com/lkminiPhantomWorld/welcome/actions/runs/30218769538,
77,VERIFIED_TRUE,PR #6,30218770711,107,1,dynamic,completed,success,2026-07-26T20:20:45Z,2026-07-26T20:21:43Z,refs/pull/6/head,514e2dfcd11a011d40c94593489ee68591f2e74d,ky46738-ops,,,,,,RUN_METADATA,https://github.com/lkminiPhantomWorld/welcome/actions/runs/30218770711,
78,VERIFIED_TRUE,Gatekeeper,30218770683,151,1,push,completed,failure,2026-07-26T20:20:45Z,2026-07-26T20:20:53Z,agent/open-source-upload-evidence-20260727,514e2dfcd11a011d40c94593489ee68591f2e74d,ky46738-ops,89837400370,verify,3,驗證 LKMini 公開種子,FAIL: 雜湊不一致：tools/verify_lkmini.py,LOCAL_GIT_TREE_REPLAY_CURRENT_EVIDENCE_BRANCH,https://github.com/lkminiPhantomWorld/welcome/actions/runs/30218770683,https://github.com/lkminiPhantomWorld/welcome/actions/runs/30218770683/job/89837400370
79,VERIFIED_TRUE,Python Package using Conda,30218770681,124,1,push,completed,failure,2026-07-26T20:20:45Z,2026-07-26T20:21:18Z,agent/open-source-upload-evidence-20260727,514e2dfcd11a011d40c94593489ee68591f2e74d,ky46738-ops,89837400238,build-linux,5,Install dependencies,EnvironmentFileNotFound: /home/runner/work/welcome/welcome/environment.yml file not found,SAME_UNCHANGED_WORKFLOW_ROOT_AND_FAILED_STEP,https://github.com/lkminiPhantomWorld/welcome/actions/runs/30218770681,https://github.com/lkminiPhantomWorld/welcome/actions/runs/30218770681/job/89837400238
80,VERIFIED_TRUE,Python Package using Conda,30218771734,125,1,push,completed,failure,2026-07-26T20:20:46Z,2026-07-26T20:21:16Z,agent/open-source-upload-evidence-20260727,ae711117721c39bba81af7cbe3a782b551001012,ky46738-ops,89837402749,build-linux,5,Install dependencies,EnvironmentFileNotFound: /home/runner/work/welcome/welcome/environment.yml file not found,SAME_UNCHANGED_WORKFLOW_ROOT_AND_FAILED_STEP,https://github.com/lkminiPhantomWorld/welcome/actions/runs/30218771734,https://github.com/lkminiPhantomWorld/welcome/actions/runs/30218771734/job/89837402749
81,VERIFIED_TRUE,Gatekeeper,30218771727,153,1,push,completed,failure,2026-07-26T20:20:46Z,2026-07-26T20:20:57Z,agent/open-source-upload-evidence-20260727,ae711117721c39bba81af7cbe3a782b551001012,ky46738-ops,89837402742,verify,3,驗證 LKMini 公開種子,FAIL: 雜湊不一致：tools/verify_lkmini.py,LOCAL_GIT_TREE_REPLAY_CURRENT_EVIDENCE_BRANCH,https://github.com/lkminiPhantomWorld/welcome/actions/runs/30218771727,https://github.com/lkminiPhantomWorld/welcome/actions/runs/30218771727/job/89837402742
82,VERIFIED_TRUE,Gatekeeper,30218771501,152,1,pull_request,completed,failure,2026-07-26T20:20:46Z,2026-07-26T20:20:59Z,agent/open-source-upload-evidence-20260727,514e2dfcd11a011d40c94593489ee68591f2e74d,ky46738-ops,89837402242,verify,3,驗證 LKMini 公開種子,FAIL: 雜湊不一致：tools/verify_lkmini.py,LOCAL_GIT_TREE_REPLAY_CURRENT_EVIDENCE_BRANCH,https://github.com/lkminiPhantomWorld/welcome/actions/runs/30218771501,https://github.com/lkminiPhantomWorld/welcome/actions/runs/30218771501/job/89837402242
83,VERIFIED_TRUE,PR #6,30218771998,108,1,dynamic,completed,success,2026-07-26T20:20:47Z,2026-07-26T20:21:53Z,refs/pull/6/head,ae711117721c39bba81af7cbe3a782b551001012,ky46738-ops,,,,,,RUN_METADATA,https://github.com/lkminiPhantomWorld/welcome/actions/runs/30218771998,
84,VERIFIED_TRUE,Gatekeeper,30218772736,154,1,push,completed,failure,2026-07-26T20:20:48Z,2026-07-26T20:20:55Z,agent/open-source-upload-evidence-20260727,adcf3706a42c6f930d2fe49c8397103ecbcf6038,ky46738-ops,89837405317,verify,3,驗證 LKMini 公開種子,FAIL: 雜湊不一致：tools/verify_lkmini.py,LOCAL_GIT_TREE_REPLAY_CURRENT_EVIDENCE_BRANCH,https://github.com/lkminiPhantomWorld/welcome/actions/runs/30218772736,https://github.com/lkminiPhantomWorld/welcome/actions/runs/30218772736/job/89837405317
85,VERIFIED_TRUE,Python Package using Conda,30218772712,126,1,push,completed,failure,2026-07-26T20:20:48Z,2026-07-26T20:21:23Z,agent/open-source-upload-evidence-20260727,adcf3706a42c6f930d2fe49c8397103ecbcf6038,ky46738-ops,89837405225,build-linux,5,Install dependencies,EnvironmentFileNotFound: /home/runner/work/welcome/welcome/environment.yml file not found,SAME_UNCHANGED_WORKFLOW_ROOT_AND_FAILED_STEP,https://github.com/lkminiPhantomWorld/welcome/actions/runs/30218772712,https://github.com/lkminiPhantomWorld/welcome/actions/runs/30218772712/job/89837405225
86,VERIFIED_TRUE,PR #6,30218773302,109,1,dynamic,completed,success,2026-07-26T20:20:49Z,2026-07-26T20:21:48Z,refs/pull/6/head,adcf3706a42c6f930d2fe49c8397103ecbcf6038,ky46738-ops,,,,,,RUN_METADATA,https://github.com/lkminiPhantomWorld/welcome/actions/runs/30218773302,
87,VERIFIED_TRUE,Gatekeeper,30218773983,156,1,push,completed,failure,2026-07-26T20:20:50Z,2026-07-26T20:20:57Z,agent/open-source-upload-evidence-20260727,6b63e5d724b47b242e16c21be532166ee3e512c9,ky46738-ops,89837408919,verify,3,驗證 LKMini 公開種子,FAIL: 雜湊不一致：tools/verify_lkmini.py,LOCAL_GIT_TREE_REPLAY_CURRENT_EVIDENCE_BRANCH,https://github.com/lkminiPhantomWorld/welcome/actions/runs/30218773983,https://github.com/lkminiPhantomWorld/welcome/actions/runs/30218773983/job/89837408919
88,VERIFIED_TRUE,Python Package using Conda,30218773981,127,1,push,completed,failure,2026-07-26T20:20:50Z,2026-07-26T20:21:29Z,agent/open-source-upload-evidence-20260727,6b63e5d724b47b242e16c21be532166ee3e512c9,ky46738-ops,89837408946,build-linux,5,Install dependencies,EnvironmentFileNotFound: /home/runner/work/welcome/welcome/environment.yml file not found,SAME_UNCHANGED_WORKFLOW_ROOT_AND_FAILED_STEP,https://github.com/lkminiPhantomWorld/welcome/actions/runs/30218773981,https://github.com/lkminiPhantomWorld/welcome/actions/runs/30218773981/job/89837408946
89,VERIFIED_TRUE,Gatekeeper,30218773600,155,1,pull_request,completed,failure,2026-07-26T20:20:50Z,2026-07-26T20:20:57Z,agent/open-source-upload-evidence-20260727,adcf3706a42c6f930d2fe49c8397103ecbcf6038,ky46738-ops,89837407754,verify,3,驗證 LKMini 公開種子,FAIL: 雜湊不一致：tools/verify_lkmini.py,LOCAL_GIT_TREE_REPLAY_CURRENT_EVIDENCE_BRANCH,https://github.com/lkminiPhantomWorld/welcome/actions/runs/30218773600,https://github.com/lkminiPhantomWorld/welcome/actions/runs/30218773600/job/89837407754
90,VERIFIED_TRUE,PR #6,30218774282,110,1,dynamic,completed,success,2026-07-26T20:20:51Z,2026-07-26T20:21:49Z,refs/pull/6/head,6b63e5d724b47b242e16c21be532166ee3e512c9,ky46738-ops,,,,,,RUN_METADATA,https://github.com/lkminiPhantomWorld/welcome/actions/runs/30218774282,
91,VERIFIED_TRUE,Gatekeeper,30218775311,157,1,pull_request,completed,failure,2026-07-26T20:20:53Z,2026-07-26T20:21:02Z,agent/open-source-upload-evidence-20260727,6b63e5d724b47b242e16c21be532166ee3e512c9,ky46738-ops,89837412883,verify,3,驗證 LKMini 公開種子,FAIL: 雜湊不一致：tools/verify_lkmini.py,LOCAL_GIT_TREE_REPLAY_CURRENT_EVIDENCE_BRANCH,https://github.com/lkminiPhantomWorld/welcome/actions/runs/30218775311,https://github.com/lkminiPhantomWorld/welcome/actions/runs/30218775311/job/89837412883
92,VERIFIED_TRUE,PR #6,30218778465,111,1,dynamic,completed,success,2026-07-26T20:20:58Z,2026-07-26T20:21:56Z,refs/pull/6/head,0dac1a649c788aba8f534116544ad74b58c3581e,ky46738-ops,,,,,,RUN_METADATA,https://github.com/lkminiPhantomWorld/welcome/actions/runs/30218778465,
93,VERIFIED_TRUE,Gatekeeper,30218778243,158,1,push,completed,failure,2026-07-26T20:20:58Z,2026-07-26T20:21:05Z,agent/open-source-upload-evidence-20260727,0dac1a649c788aba8f534116544ad74b58c3581e,ky46738-ops,89837420709,verify,3,驗證 LKMini 公開種子,FAIL: 雜湊不一致：tools/verify_lkmini.py,LOCAL_GIT_TREE_REPLAY_CURRENT_EVIDENCE_BRANCH,https://github.com/lkminiPhantomWorld/welcome/actions/runs/30218778243,https://github.com/lkminiPhantomWorld/welcome/actions/runs/30218778243/job/89837420709
94,VERIFIED_TRUE,Python Package using Conda,30218778226,128,1,push,completed,failure,2026-07-26T20:20:58Z,2026-07-26T20:21:24Z,agent/open-source-upload-evidence-20260727,0dac1a649c788aba8f534116544ad74b58c3581e,ky46738-ops,89837420601,build-linux,5,Install dependencies,EnvironmentFileNotFound: /home/runner/work/welcome/welcome/environment.yml file not found,SAME_UNCHANGED_WORKFLOW_ROOT_AND_FAILED_STEP,https://github.com/lkminiPhantomWorld/welcome/actions/runs/30218778226,https://github.com/lkminiPhantomWorld/welcome/actions/runs/30218778226/job/89837420601
95,VERIFIED_TRUE,Python Package using Conda,30218779248,129,1,push,completed,failure,2026-07-26T20:20:59Z,2026-07-26T20:21:30Z,agent/open-source-upload-evidence-20260727,c34a2447c8a7fd206519996bdc9855c0e5436805,ky46738-ops,89837424082,build-linux,5,Install dependencies,EnvironmentFileNotFound: /home/runner/work/welcome/welcome/environment.yml file not found,SAME_UNCHANGED_WORKFLOW_ROOT_AND_FAILED_STEP,https://github.com/lkminiPhantomWorld/welcome/actions/runs/30218779248,https://github.com/lkminiPhantomWorld/welcome/actions/runs/30218779248/job/89837424082
96,VERIFIED_TRUE,Gatekeeper,30218779237,159,1,push,completed,failure,2026-07-26T20:20:59Z,2026-07-26T20:21:11Z,agent/open-source-upload-evidence-20260727,c34a2447c8a7fd206519996bdc9855c0e5436805,ky46738-ops,89837423519,verify,3,驗證 LKMini 公開種子,FAIL: 雜湊不一致：tools/verify_lkmini.py,LOCAL_GIT_TREE_REPLAY_CURRENT_EVIDENCE_BRANCH,https://github.com/lkminiPhantomWorld/welcome/actions/runs/30218779237,https://github.com/lkminiPhantomWorld/welcome/actions/runs/30218779237/job/89837423519
97,VERIFIED_TRUE,PR #6,30218779675,112,1,dynamic,completed,success,2026-07-26T20:21:00Z,2026-07-26T20:21:54Z,refs/pull/6/head,c34a2447c8a7fd206519996bdc9855c0e5436805,ky46738-ops,,,,,,RUN_METADATA,https://github.com/lkminiPhantomWorld/welcome/actions/runs/30218779675,
98,VERIFIED_TRUE,Python Package using Conda,30218780322,130,1,push,completed,failure,2026-07-26T20:21:01Z,2026-07-26T20:21:34Z,agent/open-source-upload-evidence-20260727,bd9d8d6af0a2eb1ed9bee77a60efbe1b14ccb804,ky46738-ops,89837426676,build-linux,5,Install dependencies,EnvironmentFileNotFound: /home/runner/work/welcome/welcome/environment.yml file not found,SAME_UNCHANGED_WORKFLOW_ROOT_AND_FAILED_STEP,https://github.com/lkminiPhantomWorld/welcome/actions/runs/30218780322,https://github.com/lkminiPhantomWorld/welcome/actions/runs/30218780322/job/89837426676
99,VERIFIED_TRUE,Gatekeeper,30218780306,161,1,push,completed,failure,2026-07-26T20:21:01Z,2026-07-26T20:21:11Z,agent/open-source-upload-evidence-20260727,bd9d8d6af0a2eb1ed9bee77a60efbe1b14ccb804,ky46738-ops,89837426598,verify,3,驗證 LKMini 公開種子,FAIL: 雜湊不一致：tools/verify_lkmini.py,LOCAL_GIT_TREE_REPLAY_CURRENT_EVIDENCE_BRANCH,https://github.com/lkminiPhantomWorld/welcome/actions/runs/30218780306,https://github.com/lkminiPhantomWorld/welcome/actions/runs/30218780306/job/89837426598
100,VERIFIED_TRUE,Gatekeeper,30218780014,160,1,pull_request,completed,failure,2026-07-26T20:21:01Z,2026-07-26T20:21:11Z,agent/open-source-upload-evidence-20260727,c34a2447c8a7fd206519996bdc9855c0e5436805,ky46738-ops,89837425702,verify,3,驗證 LKMini 公開種子,FAIL: 雜湊不一致：tools/verify_lkmini.py,LOCAL_GIT_TREE_REPLAY_CURRENT_EVIDENCE_BRANCH,https://github.com/lkminiPhantomWorld/welcome/actions/runs/30218780014,https://github.com/lkminiPhantomWorld/welcome/actions/runs/30218780014/job/89837425702
101,VERIFIED_TRUE,PR #6,30218780706,113,1,dynamic,completed,success,2026-07-26T20:21:02Z,2026-07-26T20:21:59Z,refs/pull/6/head,bd9d8d6af0a2eb1ed9bee77a60efbe1b14ccb804,ky46738-ops,,,,,,RUN_METADATA,https://github.com/lkminiPhantomWorld/welcome/actions/runs/30218780706,
102,VERIFIED_TRUE,Gatekeeper,30218781478,162,1,push,completed,failure,2026-07-26T20:21:03Z,2026-07-26T20:21:10Z,agent/open-source-upload-evidence-20260727,03b7df0ec05a7db19ccfe276106ba11167dbb654,ky46738-ops,89837429461,verify,3,驗證 LKMini 公開種子,FAIL: 雜湊不一致：tools/verify_lkmini.py,LOCAL_GIT_TREE_REPLAY_CURRENT_EVIDENCE_BRANCH,https://github.com/lkminiPhantomWorld/welcome/actions/runs/30218781478,https://github.com/lkminiPhantomWorld/welcome/actions/runs/30218781478/job/89837429461
103,VERIFIED_TRUE,Python Package using Conda,30218781463,131,1,push,completed,failure,2026-07-26T20:21:03Z,2026-07-26T20:21:29Z,agent/open-source-upload-evidence-20260727,03b7df0ec05a7db19ccfe276106ba11167dbb654,ky46738-ops,89837429420,build-linux,5,Install dependencies,EnvironmentFileNotFound: /home/runner/work/welcome/welcome/environment.yml file not found,SAME_UNCHANGED_WORKFLOW_ROOT_AND_FAILED_STEP,https://github.com/lkminiPhantomWorld/welcome/actions/runs/30218781463,https://github.com/lkminiPhantomWorld/welcome/actions/runs/30218781463/job/89837429420
104,VERIFIED_TRUE,PR #6,30218781940,114,1,dynamic,completed,success,2026-07-26T20:21:04Z,2026-07-26T20:22:00Z,refs/pull/6/head,03b7df0ec05a7db19ccfe276106ba11167dbb654,ky46738-ops,,,,,,RUN_METADATA,https://github.com/lkminiPhantomWorld/welcome/actions/runs/30218781940,
105,VERIFIED_TRUE,Python Package using Conda,30218782715,132,1,push,completed,failure,2026-07-26T20:21:05Z,2026-07-26T20:21:38Z,agent/open-source-upload-evidence-20260727,11db74e8d6808ffd34814f6687b48a70a383f2e6,ky46738-ops,89837432834,build-linux,5,Install dependencies,EnvironmentFileNotFound: /home/runner/work/welcome/welcome/environment.yml file not found,SAME_UNCHANGED_WORKFLOW_ROOT_AND_FAILED_STEP,https://github.com/lkminiPhantomWorld/welcome/actions/runs/30218782715,https://github.com/lkminiPhantomWorld/welcome/actions/runs/30218782715/job/89837432834
106,VERIFIED_TRUE,Gatekeeper,30218782703,164,1,push,completed,failure,2026-07-26T20:21:05Z,2026-07-26T20:21:13Z,agent/open-source-upload-evidence-20260727,11db74e8d6808ffd34814f6687b48a70a383f2e6,ky46738-ops,89837432874,verify,3,驗證 LKMini 公開種子,FAIL: 雜湊不一致：tools/verify_lkmini.py,LOCAL_GIT_TREE_REPLAY_CURRENT_EVIDENCE_BRANCH,https://github.com/lkminiPhantomWorld/welcome/actions/runs/30218782703,https://github.com/lkminiPhantomWorld/welcome/actions/runs/30218782703/job/89837432874
107,VERIFIED_TRUE,Gatekeeper,30218782421,163,1,pull_request,completed,failure,2026-07-26T20:21:05Z,2026-07-26T20:21:15Z,agent/open-source-upload-evidence-20260727,03b7df0ec05a7db19ccfe276106ba11167dbb654,ky46738-ops,89837432091,verify,3,驗證 LKMini 公開種子,FAIL: 雜湊不一致：tools/verify_lkmini.py,LOCAL_GIT_TREE_REPLAY_CURRENT_EVIDENCE_BRANCH,https://github.com/lkminiPhantomWorld/welcome/actions/runs/30218782421,https://github.com/lkminiPhantomWorld/welcome/actions/runs/30218782421/job/89837432091
108,VERIFIED_TRUE,PR #6,30218782850,115,1,dynamic,completed,success,2026-07-26T20:21:06Z,2026-07-26T20:22:00Z,refs/pull/6/head,11db74e8d6808ffd34814f6687b48a70a383f2e6,ky46738-ops,,,,,,RUN_METADATA,https://github.com/lkminiPhantomWorld/welcome/actions/runs/30218782850,
109,VERIFIED_TRUE,Gatekeeper,30218783908,165,1,push,completed,failure,2026-07-26T20:21:07Z,2026-07-26T20:21:17Z,agent/open-source-upload-evidence-20260727,a247521eb2bfb80acca71c6f315a31ade1d1ce95,ky46738-ops,89837435996,verify,3,驗證 LKMini 公開種子,FAIL: 雜湊不一致：tools/verify_lkmini.py,LOCAL_GIT_TREE_REPLAY_CURRENT_EVIDENCE_BRANCH,https://github.com/lkminiPhantomWorld/welcome/actions/runs/30218783908,https://github.com/lkminiPhantomWorld/welcome/actions/runs/30218783908/job/89837435996
110,VERIFIED_TRUE,Python Package using Conda,30218783892,133,1,push,completed,failure,2026-07-26T20:21:07Z,2026-07-26T20:21:50Z,agent/open-source-upload-evidence-20260727,a247521eb2bfb80acca71c6f315a31ade1d1ce95,ky46738-ops,89837435894,build-linux,5,Install dependencies,EnvironmentFileNotFound: /home/runner/work/welcome/welcome/environment.yml file not found,SAME_UNCHANGED_WORKFLOW_ROOT_AND_FAILED_STEP,https://github.com/lkminiPhantomWorld/welcome/actions/runs/30218783892,https://github.com/lkminiPhantomWorld/welcome/actions/runs/30218783892/job/89837435894
111,VERIFIED_TRUE,PR #6,30218784156,116,1,dynamic,completed,success,2026-07-26T20:21:08Z,2026-07-26T20:22:08Z,refs/pull/6/head,a247521eb2bfb80acca71c6f315a31ade1d1ce95,ky46738-ops,,,,,,RUN_METADATA,https://github.com/lkminiPhantomWorld/welcome/actions/runs/30218784156,
112,VERIFIED_TRUE,PR #6,30218785228,117,1,dynamic,completed,success,2026-07-26T20:21:09Z,2026-07-26T20:22:06Z,refs/pull/6/head,7de70cddb305499eb724281ee69c6f769a13649b,ky46738-ops,,,,,,RUN_METADATA,https://github.com/lkminiPhantomWorld/welcome/actions/runs/30218785228,
113,VERIFIED_TRUE,Python Package using Conda,30218785076,134,1,push,completed,failure,2026-07-26T20:21:09Z,2026-07-26T20:21:57Z,agent/open-source-upload-evidence-20260727,7de70cddb305499eb724281ee69c6f769a13649b,ky46738-ops,89837439066,build-linux,5,Install dependencies,EnvironmentFileNotFound: /home/runner/work/welcome/welcome/environment.yml file not found,SAME_UNCHANGED_WORKFLOW_ROOT_AND_FAILED_STEP,https://github.com/lkminiPhantomWorld/welcome/actions/runs/30218785076,https://github.com/lkminiPhantomWorld/welcome/actions/runs/30218785076/job/89837439066
114,VERIFIED_TRUE,Gatekeeper,30218785035,167,1,push,completed,failure,2026-07-26T20:21:09Z,2026-07-26T20:21:17Z,agent/open-source-upload-evidence-20260727,7de70cddb305499eb724281ee69c6f769a13649b,ky46738-ops,89837438891,verify,3,驗證 LKMini 公開種子,FAIL: 雜湊不一致：tools/verify_lkmini.py,LOCAL_GIT_TREE_REPLAY_CURRENT_EVIDENCE_BRANCH,https://github.com/lkminiPhantomWorld/welcome/actions/runs/30218785035,https://github.com/lkminiPhantomWorld/welcome/actions/runs/30218785035/job/89837438891
115,VERIFIED_TRUE,Gatekeeper,30218784639,166,1,pull_request,completed,failure,2026-07-26T20:21:09Z,2026-07-26T20:21:18Z,agent/open-source-upload-evidence-20260727,a247521eb2bfb80acca71c6f315a31ade1d1ce95,ky46738-ops,89837438033,verify,3,驗證 LKMini 公開種子,FAIL: 雜湊不一致：tools/verify_lkmini.py,LOCAL_GIT_TREE_REPLAY_CURRENT_EVIDENCE_BRANCH,https://github.com/lkminiPhantomWorld/welcome/actions/runs/30218784639,https://github.com/lkminiPhantomWorld/welcome/actions/runs/30218784639/job/89837438033
116,VERIFIED_TRUE,PR #6,30218786207,118,1,dynamic,completed,success,2026-07-26T20:21:11Z,2026-07-26T20:22:11Z,refs/pull/6/head,ff0daa697543aa08bc406fb48db03883c070a15d,ky46738-ops,,,,,,RUN_METADATA,https://github.com/lkminiPhantomWorld/welcome/actions/runs/30218786207,
117,VERIFIED_TRUE,Python Package using Conda,30218785860,135,1,push,completed,failure,2026-07-26T20:21:11Z,2026-07-26T20:21:44Z,agent/open-source-upload-evidence-20260727,ff0daa697543aa08bc406fb48db03883c070a15d,ky46738-ops,89837441074,build-linux,5,Install dependencies,EnvironmentFileNotFound: /home/runner/work/welcome/welcome/environment.yml file not found,SAME_UNCHANGED_WORKFLOW_ROOT_AND_FAILED_STEP,https://github.com/lkminiPhantomWorld/welcome/actions/runs/30218785860,https://github.com/lkminiPhantomWorld/welcome/actions/runs/30218785860/job/89837441074
118,VERIFIED_TRUE,Gatekeeper,30218785859,168,1,push,completed,failure,2026-07-26T20:21:11Z,2026-07-26T20:21:17Z,agent/open-source-upload-evidence-20260727,ff0daa697543aa08bc406fb48db03883c070a15d,ky46738-ops,89837441155,verify,3,驗證 LKMini 公開種子,FAIL: 雜湊不一致：tools/verify_lkmini.py,LOCAL_GIT_TREE_REPLAY_CURRENT_EVIDENCE_BRANCH,https://github.com/lkminiPhantomWorld/welcome/actions/runs/30218785859,https://github.com/lkminiPhantomWorld/welcome/actions/runs/30218785859/job/89837441155
119,VERIFIED_TRUE,Gatekeeper,30218786691,169,1,pull_request,completed,failure,2026-07-26T20:21:12Z,2026-07-26T20:21:19Z,agent/open-source-upload-evidence-20260727,ff0daa697543aa08bc406fb48db03883c070a15d,ky46738-ops,89837443265,verify,3,驗證 LKMini 公開種子,FAIL: 雜湊不一致：tools/verify_lkmini.py,LOCAL_GIT_TREE_REPLAY_CURRENT_EVIDENCE_BRANCH,https://github.com/lkminiPhantomWorld/welcome/actions/runs/30218786691,https://github.com/lkminiPhantomWorld/welcome/actions/runs/30218786691/job/89837443265
120,VERIFIED_TRUE,PR #6,30218787356,119,1,dynamic,completed,success,2026-07-26T20:21:13Z,2026-07-26T20:22:07Z,refs/pull/6/head,b5774575b2676120df6b23577aab355f3b2d4e8f,ky46738-ops,,,,,,RUN_METADATA,https://github.com/lkminiPhantomWorld/welcome/actions/runs/30218787356,
121,VERIFIED_TRUE,Gatekeeper,30218787087,170,1,push,completed,failure,2026-07-26T20:21:13Z,2026-07-26T20:21:21Z,agent/open-source-upload-evidence-20260727,b5774575b2676120df6b23577aab355f3b2d4e8f,ky46738-ops,89837444370,verify,3,驗證 LKMini 公開種子,FAIL: 雜湊不一致：tools/verify_lkmini.py,LOCAL_GIT_TREE_REPLAY_CURRENT_EVIDENCE_BRANCH,https://github.com/lkminiPhantomWorld/welcome/actions/runs/30218787087,https://github.com/lkminiPhantomWorld/welcome/actions/runs/30218787087/job/89837444370
122,VERIFIED_TRUE,Python Package using Conda,30218787085,136,1,push,completed,failure,2026-07-26T20:21:13Z,2026-07-26T20:21:54Z,agent/open-source-upload-evidence-20260727,b5774575b2676120df6b23577aab355f3b2d4e8f,ky46738-ops,89837444383,build-linux,5,Install dependencies,EnvironmentFileNotFound: /home/runner/work/welcome/welcome/environment.yml file not found,SAME_UNCHANGED_WORKFLOW_ROOT_AND_FAILED_STEP,https://github.com/lkminiPhantomWorld/welcome/actions/runs/30218787085,https://github.com/lkminiPhantomWorld/welcome/actions/runs/30218787085/job/89837444383
123,VERIFIED_TRUE,Gatekeeper,30218788168,171,1,push,completed,failure,2026-07-26T20:21:15Z,2026-07-26T20:21:24Z,agent/open-source-upload-evidence-20260727,fb8e810fb6d4b88075f218454b14e04743290f18,ky46738-ops,89837447288,verify,3,驗證 LKMini 公開種子,FAIL: 雜湊不一致：tools/verify_lkmini.py,LOCAL_GIT_TREE_REPLAY_CURRENT_EVIDENCE_BRANCH,https://github.com/lkminiPhantomWorld/welcome/actions/runs/30218788168,https://github.com/lkminiPhantomWorld/welcome/actions/runs/30218788168/job/89837447288
124,VERIFIED_TRUE,Python Package using Conda,30218788156,137,1,push,completed,failure,2026-07-26T20:21:15Z,2026-07-26T20:22:03Z,agent/open-source-upload-evidence-20260727,fb8e810fb6d4b88075f218454b14e04743290f18,ky46738-ops,89837447159,build-linux,5,Install dependencies,EnvironmentFileNotFound: /home/runner/work/welcome/welcome/environment.yml file not found,SAME_UNCHANGED_WORKFLOW_ROOT_AND_FAILED_STEP,https://github.com/lkminiPhantomWorld/welcome/actions/runs/30218788156,https://github.com/lkminiPhantomWorld/welcome/actions/runs/30218788156/job/89837447159
125,VERIFIED_TRUE,Gatekeeper,30218788984,172,1,pull_request,completed,failure,2026-07-26T20:21:16Z,2026-07-26T20:21:24Z,agent/open-source-upload-evidence-20260727,fb8e810fb6d4b88075f218454b14e04743290f18,ky46738-ops,89837449450,verify,3,驗證 LKMini 公開種子,FAIL: 雜湊不一致：tools/verify_lkmini.py,LOCAL_GIT_TREE_REPLAY_CURRENT_EVIDENCE_BRANCH,https://github.com/lkminiPhantomWorld/welcome/actions/runs/30218788984,https://github.com/lkminiPhantomWorld/welcome/actions/runs/30218788984/job/89837449450
126,VERIFIED_TRUE,PR #6,30218788594,120,1,dynamic,completed,success,2026-07-26T20:21:16Z,2026-07-26T20:22:16Z,refs/pull/6/head,fb8e810fb6d4b88075f218454b14e04743290f18,ky46738-ops,,,,,,RUN_METADATA,https://github.com/lkminiPhantomWorld/welcome/actions/runs/30218788594,
127,VERIFIED_TRUE,PR #6,30218789511,121,1,dynamic,completed,success,2026-07-26T20:21:17Z,2026-07-26T20:22:15Z,refs/pull/6/head,bba351321f64925f99cb2e061d014e84b393b7ae,ky46738-ops,,,,,,RUN_METADATA,https://github.com/lkminiPhantomWorld/welcome/actions/runs/30218789511,
128,VERIFIED_TRUE,Python Package using Conda,30218789244,138,1,push,completed,failure,2026-07-26T20:21:17Z,2026-07-26T20:21:49Z,agent/open-source-upload-evidence-20260727,bba351321f64925f99cb2e061d014e84b393b7ae,ky46738-ops,89837450372,build-linux,5,Install dependencies,EnvironmentFileNotFound: /home/runner/work/welcome/welcome/environment.yml file not found,SAME_UNCHANGED_WORKFLOW_ROOT_AND_FAILED_STEP,https://github.com/lkminiPhantomWorld/welcome/actions/runs/30218789244,https://github.com/lkminiPhantomWorld/welcome/actions/runs/30218789244/job/89837450372
129,VERIFIED_TRUE,Gatekeeper,30218789238,173,1,push,completed,failure,2026-07-26T20:21:17Z,2026-07-26T20:21:24Z,agent/open-source-upload-evidence-20260727,bba351321f64925f99cb2e061d014e84b393b7ae,ky46738-ops,89837450321,verify,3,驗證 LKMini 公開種子,FAIL: 雜湊不一致：tools/verify_lkmini.py,LOCAL_GIT_TREE_REPLAY_CURRENT_EVIDENCE_BRANCH,https://github.com/lkminiPhantomWorld/welcome/actions/runs/30218789238,https://github.com/lkminiPhantomWorld/welcome/actions/runs/30218789238/job/89837450321
130,VERIFIED_TRUE,PR #6,30218790930,122,1,dynamic,completed,success,2026-07-26T20:21:19Z,2026-07-26T20:22:23Z,refs/pull/6/head,21edd855b3d0f5e7e79c5a5959cd712de02a04b2,ky46738-ops,,,,,,RUN_METADATA,https://github.com/lkminiPhantomWorld/welcome/actions/runs/30218790930,
131,VERIFIED_TRUE,Python Package using Conda,30218790413,139,1,push,completed,failure,2026-07-26T20:21:19Z,2026-07-26T20:21:49Z,agent/open-source-upload-evidence-20260727,21edd855b3d0f5e7e79c5a5959cd712de02a04b2,ky46738-ops,89837453578,build-linux,5,Install dependencies,EnvironmentFileNotFound: /home/runner/work/welcome/welcome/environment.yml file not found,SAME_UNCHANGED_WORKFLOW_ROOT_AND_FAILED_STEP,https://github.com/lkminiPhantomWorld/welcome/actions/runs/30218790413,https://github.com/lkminiPhantomWorld/welcome/actions/runs/30218790413/job/89837453578
132,VERIFIED_TRUE,Gatekeeper,30218790411,174,1,push,completed,failure,2026-07-26T20:21:19Z,2026-07-26T20:21:26Z,agent/open-source-upload-evidence-20260727,21edd855b3d0f5e7e79c5a5959cd712de02a04b2,ky46738-ops,89837453603,verify,3,驗證 LKMini 公開種子,FAIL: 雜湊不一致：tools/verify_lkmini.py,LOCAL_GIT_TREE_REPLAY_CURRENT_EVIDENCE_BRANCH,https://github.com/lkminiPhantomWorld/welcome/actions/runs/30218790411,https://github.com/lkminiPhantomWorld/welcome/actions/runs/30218790411/job/89837453603
133,VERIFIED_TRUE,Python Package using Conda,30218791552,140,1,push,completed,failure,2026-07-26T20:21:20Z,2026-07-26T20:21:56Z,agent/open-source-upload-evidence-20260727,934d365a78f31dde8c948041ada689b564a65a63,ky46738-ops,89837457221,build-linux,5,Install dependencies,EnvironmentFileNotFound: /home/runner/work/welcome/welcome/environment.yml file not found,SAME_UNCHANGED_WORKFLOW_ROOT_AND_FAILED_STEP,https://github.com/lkminiPhantomWorld/welcome/actions/runs/30218791552,https://github.com/lkminiPhantomWorld/welcome/actions/runs/30218791552/job/89837457221
134,VERIFIED_TRUE,Gatekeeper,30218791550,176,1,push,completed,failure,2026-07-26T20:21:20Z,2026-07-26T20:21:30Z,agent/open-source-upload-evidence-20260727,934d365a78f31dde8c948041ada689b564a65a63,ky46738-ops,89837456954,verify,3,驗證 LKMini 公開種子,FAIL: 雜湊不一致：tools/verify_lkmini.py,LOCAL_GIT_TREE_REPLAY_CURRENT_EVIDENCE_BRANCH,https://github.com/lkminiPhantomWorld/welcome/actions/runs/30218791550,https://github.com/lkminiPhantomWorld/welcome/actions/runs/30218791550/job/89837456954
135,VERIFIED_TRUE,Gatekeeper,30218791234,175,1,pull_request,completed,failure,2026-07-26T20:21:20Z,2026-07-26T20:21:28Z,agent/open-source-upload-evidence-20260727,21edd855b3d0f5e7e79c5a5959cd712de02a04b2,ky46738-ops,89837456095,verify,3,驗證 LKMini 公開種子,FAIL: 雜湊不一致：tools/verify_lkmini.py,LOCAL_GIT_TREE_REPLAY_CURRENT_EVIDENCE_BRANCH,https://github.com/lkminiPhantomWorld/welcome/actions/runs/30218791234,https://github.com/lkminiPhantomWorld/welcome/actions/runs/30218791234/job/89837456095
136,VERIFIED_TRUE,PR #6,30218791857,123,1,dynamic,completed,success,2026-07-26T20:21:21Z,2026-07-26T20:22:23Z,refs/pull/6/head,934d365a78f31dde8c948041ada689b564a65a63,ky46738-ops,,,,,,RUN_METADATA,https://github.com/lkminiPhantomWorld/welcome/actions/runs/30218791857,
137,VERIFIED_TRUE,Gatekeeper,30218792675,177,1,push,completed,failure,2026-07-26T20:21:22Z,2026-07-26T20:21:30Z,agent/open-source-upload-evidence-20260727,c822f5ee10426aa651ea424a51d70b589b34c751,ky46738-ops,89837460255,verify,3,驗證 LKMini 公開種子,FAIL: 雜湊不一致：tools/verify_lkmini.py,LOCAL_GIT_TREE_REPLAY_CURRENT_EVIDENCE_BRANCH,https://github.com/lkminiPhantomWorld/welcome/actions/runs/30218792675,https://github.com/lkminiPhantomWorld/welcome/actions/runs/30218792675/job/89837460255
138,VERIFIED_TRUE,Python Package using Conda,30218792669,141,1,push,completed,failure,2026-07-26T20:21:22Z,2026-07-26T20:22:12Z,agent/open-source-upload-evidence-20260727,c822f5ee10426aa651ea424a51d70b589b34c751,ky46738-ops,89837460172,build-linux,5,Install dependencies,EnvironmentFileNotFound: /home/runner/work/welcome/welcome/environment.yml file not found,SAME_UNCHANGED_WORKFLOW_ROOT_AND_FAILED_STEP,https://github.com/lkminiPhantomWorld/welcome/actions/runs/30218792669,https://github.com/lkminiPhantomWorld/welcome/actions/runs/30218792669/job/89837460172
139,VERIFIED_TRUE,PR #6,30218793180,124,1,dynamic,completed,success,2026-07-26T20:21:23Z,2026-07-26T20:22:15Z,refs/pull/6/head,c822f5ee10426aa651ea424a51d70b589b34c751,ky46738-ops,,,,,,RUN_METADATA,https://github.com/lkminiPhantomWorld/welcome/actions/runs/30218793180,
140,VERIFIED_TRUE,PR #6,30218794065,125,1,dynamic,completed,success,2026-07-26T20:21:25Z,2026-07-26T20:22:28Z,refs/pull/6/head,0d7aa0ab0f9662a2a21fe271e1927ade9de7eef2,ky46738-ops,,,,,,RUN_METADATA,https://github.com/lkminiPhantomWorld/welcome/actions/runs/30218794065,
141,VERIFIED_TRUE,Gatekeeper,30218793982,178,1,push,completed,failure,2026-07-26T20:21:25Z,2026-07-26T20:21:32Z,agent/open-source-upload-evidence-20260727,0d7aa0ab0f9662a2a21fe271e1927ade9de7eef2,ky46738-ops,89837463866,verify,3,驗證 LKMini 公開種子,FAIL: 雜湊不一致：tools/verify_lkmini.py,LOCAL_GIT_TREE_REPLAY_CURRENT_EVIDENCE_BRANCH,https://github.com/lkminiPhantomWorld/welcome/actions/runs/30218793982,https://github.com/lkminiPhantomWorld/welcome/actions/runs/30218793982/job/89837463866
142,VERIFIED_TRUE,Python Package using Conda,30218793963,142,1,push,completed,failure,2026-07-26T20:21:25Z,2026-07-26T20:21:53Z,agent/open-source-upload-evidence-20260727,0d7aa0ab0f9662a2a21fe271e1927ade9de7eef2,ky46738-ops,89837463953,build-linux,5,Install dependencies,EnvironmentFileNotFound: /home/runner/work/welcome/welcome/environment.yml file not found,SAME_UNCHANGED_WORKFLOW_ROOT_AND_FAILED_STEP,https://github.com/lkminiPhantomWorld/welcome/actions/runs/30218793963,https://github.com/lkminiPhantomWorld/welcome/actions/runs/30218793963/job/89837463953
143,VERIFIED_TRUE,Gatekeeper,30218794762,180,1,push,completed,failure,2026-07-26T20:21:26Z,2026-07-26T20:21:34Z,agent/open-source-upload-evidence-20260727,706f07ddd82bd2b44e005846e085f0e605373dfd,ky46738-ops,89837466172,verify,3,驗證 LKMini 公開種子,FAIL: 雜湊不一致：tools/verify_lkmini.py,LOCAL_GIT_TREE_REPLAY_CURRENT_EVIDENCE_BRANCH,https://github.com/lkminiPhantomWorld/welcome/actions/runs/30218794762,https://github.com/lkminiPhantomWorld/welcome/actions/runs/30218794762/job/89837466172
144,VERIFIED_TRUE,Python Package using Conda,30218794753,143,1,push,completed,failure,2026-07-26T20:21:26Z,2026-07-26T20:22:00Z,agent/open-source-upload-evidence-20260727,706f07ddd82bd2b44e005846e085f0e605373dfd,ky46738-ops,89837466069,build-linux,5,Install dependencies,EnvironmentFileNotFound: /home/runner/work/welcome/welcome/environment.yml file not found,SAME_UNCHANGED_WORKFLOW_ROOT_AND_FAILED_STEP,https://github.com/lkminiPhantomWorld/welcome/actions/runs/30218794753,https://github.com/lkminiPhantomWorld/welcome/actions/runs/30218794753/job/89837466069
145,VERIFIED_TRUE,Gatekeeper,30218794527,179,1,pull_request,completed,failure,2026-07-26T20:21:26Z,2026-07-26T20:21:33Z,agent/open-source-upload-evidence-20260727,0d7aa0ab0f9662a2a21fe271e1927ade9de7eef2,ky46738-ops,89837465386,verify,3,驗證 LKMini 公開種子,FAIL: 雜湊不一致：tools/verify_lkmini.py,LOCAL_GIT_TREE_REPLAY_CURRENT_EVIDENCE_BRANCH,https://github.com/lkminiPhantomWorld/welcome/actions/runs/30218794527,https://github.com/lkminiPhantomWorld/welcome/actions/runs/30218794527/job/89837465386
146,VERIFIED_TRUE,PR #6,30218795357,126,1,dynamic,completed,success,2026-07-26T20:21:27Z,2026-07-26T20:22:26Z,refs/pull/6/head,706f07ddd82bd2b44e005846e085f0e605373dfd,ky46738-ops,,,,,,RUN_METADATA,https://github.com/lkminiPhantomWorld/welcome/actions/runs/30218795357,
147,VERIFIED_TRUE,PR #6,30218796569,127,1,dynamic,completed,success,2026-07-26T20:21:29Z,2026-07-26T20:22:29Z,refs/pull/6/head,25924b41f31ea345b08aeb33a0303df5dd02083f,ky46738-ops,,,,,,RUN_METADATA,https://github.com/lkminiPhantomWorld/welcome/actions/runs/30218796569,
148,VERIFIED_TRUE,Gatekeeper,30218796170,181,1,push,completed,failure,2026-07-26T20:21:29Z,2026-07-26T20:21:40Z,agent/open-source-upload-evidence-20260727,25924b41f31ea345b08aeb33a0303df5dd02083f,ky46738-ops,89837470017,verify,3,驗證 LKMini 公開種子,FAIL: 雜湊不一致：tools/verify_lkmini.py,LOCAL_GIT_TREE_REPLAY_CURRENT_EVIDENCE_BRANCH,https://github.com/lkminiPhantomWorld/welcome/actions/runs/30218796170,https://github.com/lkminiPhantomWorld/welcome/actions/runs/30218796170/job/89837470017
149,VERIFIED_TRUE,Python Package using Conda,30218796169,144,1,push,completed,failure,2026-07-26T20:21:29Z,2026-07-26T20:22:01Z,agent/open-source-upload-evidence-20260727,25924b41f31ea345b08aeb33a0303df5dd02083f,ky46738-ops,89837469827,build-linux,5,Install dependencies,EnvironmentFileNotFound: /home/runner/work/welcome/welcome/environment.yml file not found,SAME_UNCHANGED_WORKFLOW_ROOT_AND_FAILED_STEP,https://github.com/lkminiPhantomWorld/welcome/actions/runs/30218796169,https://github.com/lkminiPhantomWorld/welcome/actions/runs/30218796169/job/89837469827
150,VERIFIED_TRUE,Gatekeeper,30218796928,182,1,pull_request,completed,failure,2026-07-26T20:21:30Z,2026-07-26T20:21:43Z,agent/open-source-upload-evidence-20260727,25924b41f31ea345b08aeb33a0303df5dd02083f,ky46738-ops,89837472043,verify,3,驗證 LKMini 公開種子,FAIL: 雜湊不一致：tools/verify_lkmini.py,LOCAL_GIT_TREE_REPLAY_CURRENT_EVIDENCE_BRANCH,https://github.com/lkminiPhantomWorld/welcome/actions/runs/30218796928,https://github.com/lkminiPhantomWorld/welcome/actions/runs/30218796928/job/89837472043
151,VERIFIED_TRUE,PR #6,30218797593,128,1,dynamic,completed,success,2026-07-26T20:21:31Z,2026-07-26T20:22:27Z,refs/pull/6/head,b2e312431410e45f751e0957c97894bf6f64c6ab,ky46738-ops,,,,,,RUN_METADATA,https://github.com/lkminiPhantomWorld/welcome/actions/runs/30218797593,
152,VERIFIED_TRUE,Python Package using Conda,30218797405,145,1,push,completed,failure,2026-07-26T20:21:31Z,2026-07-26T20:22:03Z,agent/open-source-upload-evidence-20260727,b2e312431410e45f751e0957c97894bf6f64c6ab,ky46738-ops,89837473425,build-linux,5,Install dependencies,EnvironmentFileNotFound: /home/runner/work/welcome/welcome/environment.yml file not found,SAME_UNCHANGED_WORKFLOW_ROOT_AND_FAILED_STEP,https://github.com/lkminiPhantomWorld/welcome/actions/runs/30218797405,https://github.com/lkminiPhantomWorld/welcome/actions/runs/30218797405/job/89837473425
153,VERIFIED_TRUE,Gatekeeper,30218797403,183,1,push,completed,failure,2026-07-26T20:21:31Z,2026-07-26T20:21:39Z,agent/open-source-upload-evidence-20260727,b2e312431410e45f751e0957c97894bf6f64c6ab,ky46738-ops,89837473417,verify,3,驗證 LKMini 公開種子,FAIL: 雜湊不一致：tools/verify_lkmini.py,LOCAL_GIT_TREE_REPLAY_CURRENT_EVIDENCE_BRANCH,https://github.com/lkminiPhantomWorld/welcome/actions/runs/30218797403,https://github.com/lkminiPhantomWorld/welcome/actions/runs/30218797403/job/89837473417
154,VERIFIED_TRUE,Gatekeeper,30218798363,184,1,push,completed,failure,2026-07-26T20:21:32Z,2026-07-26T20:21:41Z,agent/open-source-upload-evidence-20260727,d9f52e57fe5fc0aebe599adf7e46d6af48a31254,ky46738-ops,89837476298,verify,3,驗證 LKMini 公開種子,FAIL: 雜湊不一致：tools/verify_lkmini.py,LOCAL_GIT_TREE_REPLAY_CURRENT_EVIDENCE_BRANCH,https://github.com/lkminiPhantomWorld/welcome/actions/runs/30218798363,https://github.com/lkminiPhantomWorld/welcome/actions/runs/30218798363/job/89837476298
155,VERIFIED_TRUE,Python Package using Conda,30218798361,146,1,push,completed,failure,2026-07-26T20:21:32Z,2026-07-26T20:22:03Z,agent/open-source-upload-evidence-20260727,d9f52e57fe5fc0aebe599adf7e46d6af48a31254,ky46738-ops,89837475985,build-linux,5,Install dependencies,EnvironmentFileNotFound: /home/runner/work/welcome/welcome/environment.yml file not found,SAME_UNCHANGED_WORKFLOW_ROOT_AND_FAILED_STEP,https://github.com/lkminiPhantomWorld/welcome/actions/runs/30218798361,https://github.com/lkminiPhantomWorld/welcome/actions/runs/30218798361/job/89837475985
156,VERIFIED_TRUE,PR #6,30218798959,129,1,dynamic,completed,success,2026-07-26T20:21:33Z,2026-07-26T20:22:25Z,refs/pull/6/head,d9f52e57fe5fc0aebe599adf7e46d6af48a31254,ky46738-ops,,,,,,RUN_METADATA,https://github.com/lkminiPhantomWorld/welcome/actions/runs/30218798959,
157,VERIFIED_TRUE,Python Package using Conda,30218799525,147,1,push,completed,failure,2026-07-26T20:21:34Z,2026-07-26T20:22:07Z,agent/open-source-upload-evidence-20260727,992a04a6c180f6510b839864f976e4562f2019d6,ky46738-ops,89837479445,build-linux,5,Install dependencies,EnvironmentFileNotFound: /home/runner/work/welcome/welcome/environment.yml file not found,SAME_UNCHANGED_WORKFLOW_ROOT_AND_FAILED_STEP,https://github.com/lkminiPhantomWorld/welcome/actions/runs/30218799525,https://github.com/lkminiPhantomWorld/welcome/actions/runs/30218799525/job/89837479445
158,VERIFIED_TRUE,Gatekeeper,30218799503,186,1,push,completed,failure,2026-07-26T20:21:34Z,2026-07-26T20:21:45Z,agent/open-source-upload-evidence-20260727,992a04a6c180f6510b839864f976e4562f2019d6,ky46738-ops,89837479288,verify,3,驗證 LKMini 公開種子,FAIL: 雜湊不一致：tools/verify_lkmini.py,LOCAL_GIT_TREE_REPLAY_CURRENT_EVIDENCE_BRANCH,https://github.com/lkminiPhantomWorld/welcome/actions/runs/30218799503,https://github.com/lkminiPhantomWorld/welcome/actions/runs/30218799503/job/89837479288
159,VERIFIED_TRUE,Gatekeeper,30218799258,185,1,pull_request,completed,failure,2026-07-26T20:21:34Z,2026-07-26T20:21:44Z,agent/open-source-upload-evidence-20260727,d9f52e57fe5fc0aebe599adf7e46d6af48a31254,ky46738-ops,89837478568,verify,3,驗證 LKMini 公開種子,FAIL: 雜湊不一致：tools/verify_lkmini.py,LOCAL_GIT_TREE_REPLAY_CURRENT_EVIDENCE_BRANCH,https://github.com/lkminiPhantomWorld/welcome/actions/runs/30218799258,https://github.com/lkminiPhantomWorld/welcome/actions/runs/30218799258/job/89837478568
160,VERIFIED_TRUE,PR #6,30218799879,130,1,dynamic,completed,success,2026-07-26T20:21:35Z,2026-07-26T20:22:35Z,refs/pull/6/head,992a04a6c180f6510b839864f976e4562f2019d6,ky46738-ops,,,,,,RUN_METADATA,https://github.com/lkminiPhantomWorld/welcome/actions/runs/30218799879,
161,VERIFIED_TRUE,Python Package using Conda,30218800792,148,1,push,completed,failure,2026-07-26T20:21:36Z,2026-07-26T20:22:09Z,agent/open-source-upload-evidence-20260727,64e2c5b1adfcc99cd481035a3308b0e64114518f,ky46738-ops,89837482525,build-linux,5,Install dependencies,EnvironmentFileNotFound: /home/runner/work/welcome/welcome/environment.yml file not found,SAME_UNCHANGED_WORKFLOW_ROOT_AND_FAILED_STEP,https://github.com/lkminiPhantomWorld/welcome/actions/runs/30218800792,https://github.com/lkminiPhantomWorld/welcome/actions/runs/30218800792/job/89837482525
162,VERIFIED_TRUE,Gatekeeper,30218800784,187,1,push,completed,failure,2026-07-26T20:21:36Z,2026-07-26T20:21:45Z,agent/open-source-upload-evidence-20260727,64e2c5b1adfcc99cd481035a3308b0e64114518f,ky46738-ops,89837482668,verify,3,驗證 LKMini 公開種子,FAIL: 雜湊不一致：tools/verify_lkmini.py,LOCAL_GIT_TREE_REPLAY_CURRENT_EVIDENCE_BRANCH,https://github.com/lkminiPhantomWorld/welcome/actions/runs/30218800784,https://github.com/lkminiPhantomWorld/welcome/actions/runs/30218800784/job/89837482668
163,VERIFIED_TRUE,PR #6,30218801191,131,1,dynamic,completed,success,2026-07-26T20:21:37Z,2026-07-26T20:22:31Z,refs/pull/6/head,64e2c5b1adfcc99cd481035a3308b0e64114518f,ky46738-ops,,,,,,RUN_METADATA,https://github.com/lkminiPhantomWorld/welcome/actions/runs/30218801191,
164,VERIFIED_TRUE,Python Package using Conda,30218801783,149,1,push,completed,failure,2026-07-26T20:21:38Z,2026-07-26T20:22:10Z,agent/open-source-upload-evidence-20260727,3b527f0668850a3cb997a9ec3387515363a04aed,ky46738-ops,89837485251,build-linux,5,Install dependencies,EnvironmentFileNotFound: /home/runner/work/welcome/welcome/environment.yml file not found,SAME_UNCHANGED_WORKFLOW_ROOT_AND_FAILED_STEP,https://github.com/lkminiPhantomWorld/welcome/actions/runs/30218801783,https://github.com/lkminiPhantomWorld/welcome/actions/runs/30218801783/job/89837485251
165,VERIFIED_TRUE,Gatekeeper,30218801773,189,1,push,completed,failure,2026-07-26T20:21:38Z,2026-07-26T20:21:46Z,agent/open-source-upload-evidence-20260727,3b527f0668850a3cb997a9ec3387515363a04aed,ky46738-ops,89837485197,verify,3,驗證 LKMini 公開種子,FAIL: 雜湊不一致：tools/verify_lkmini.py,LOCAL_GIT_TREE_REPLAY_CURRENT_EVIDENCE_BRANCH,https://github.com/lkminiPhantomWorld/welcome/actions/runs/30218801773,https://github.com/lkminiPhantomWorld/welcome/actions/runs/30218801773/job/89837485197
166,VERIFIED_TRUE,Gatekeeper,30218801615,188,1,pull_request,completed,failure,2026-07-26T20:21:38Z,2026-07-26T20:21:48Z,agent/open-source-upload-evidence-20260727,64e2c5b1adfcc99cd481035a3308b0e64114518f,ky46738-ops,89837484846,verify,3,驗證 LKMini 公開種子,FAIL: 雜湊不一致：tools/verify_lkmini.py,LOCAL_GIT_TREE_REPLAY_CURRENT_EVIDENCE_BRANCH,https://github.com/lkminiPhantomWorld/welcome/actions/runs/30218801615,https://github.com/lkminiPhantomWorld/welcome/actions/runs/30218801615/job/89837484846
167,VERIFIED_TRUE,PR #6,30218802110,132,1,dynamic,completed,success,2026-07-26T20:21:39Z,2026-07-26T20:22:41Z,refs/pull/6/head,3b527f0668850a3cb997a9ec3387515363a04aed,ky46738-ops,,,,,,RUN_METADATA,https://github.com/lkminiPhantomWorld/welcome/actions/runs/30218802110,
168,VERIFIED_TRUE,Python Package using Conda,30218803008,150,1,push,completed,failure,2026-07-26T20:21:40Z,2026-07-26T20:22:15Z,agent/open-source-upload-evidence-20260727,bfe665da511546918522a735e9d7fe1522378df8,ky46738-ops,89837488553,build-linux,5,Install dependencies,EnvironmentFileNotFound: /home/runner/work/welcome/welcome/environment.yml file not found,SAME_UNCHANGED_WORKFLOW_ROOT_AND_FAILED_STEP,https://github.com/lkminiPhantomWorld/welcome/actions/runs/30218803008,https://github.com/lkminiPhantomWorld/welcome/actions/runs/30218803008/job/89837488553
169,VERIFIED_TRUE,Gatekeeper,30218802976,190,1,push,completed,failure,2026-07-26T20:21:40Z,2026-07-26T20:21:51Z,agent/open-source-upload-evidence-20260727,bfe665da511546918522a735e9d7fe1522378df8,ky46738-ops,89837488582,verify,3,驗證 LKMini 公開種子,FAIL: 雜湊不一致：tools/verify_lkmini.py,LOCAL_GIT_TREE_REPLAY_CURRENT_EVIDENCE_BRANCH,https://github.com/lkminiPhantomWorld/welcome/actions/runs/30218802976,https://github.com/lkminiPhantomWorld/welcome/actions/runs/30218802976/job/89837488582
170,VERIFIED_TRUE,Gatekeeper,30218803496,191,1,pull_request,completed,failure,2026-07-26T20:21:41Z,2026-07-26T20:21:51Z,agent/open-source-upload-evidence-20260727,bfe665da511546918522a735e9d7fe1522378df8,ky46738-ops,89837490049,verify,3,驗證 LKMini 公開種子,FAIL: 雜湊不一致：tools/verify_lkmini.py,LOCAL_GIT_TREE_REPLAY_CURRENT_EVIDENCE_BRANCH,https://github.com/lkminiPhantomWorld/welcome/actions/runs/30218803496,https://github.com/lkminiPhantomWorld/welcome/actions/runs/30218803496/job/89837490049
171,VERIFIED_TRUE,PR #6,30218803439,133,1,dynamic,completed,success,2026-07-26T20:21:41Z,2026-07-26T20:22:43Z,refs/pull/6/head,bfe665da511546918522a735e9d7fe1522378df8,ky46738-ops,,,,,,RUN_METADATA,https://github.com/lkminiPhantomWorld/welcome/actions/runs/30218803439,
172,VERIFIED_TRUE,PR #6,30218804131,134,1,dynamic,completed,success,2026-07-26T20:21:42Z,2026-07-26T20:22:54Z,refs/pull/6/head,067a97e5838ad5f6c531576392be6123d6aa6b82,ky46738-ops,,,,,,RUN_METADATA,https://github.com/lkminiPhantomWorld/welcome/actions/runs/30218804131,
173,VERIFIED_TRUE,Python Package using Conda,30218803936,151,1,push,completed,failure,2026-07-26T20:21:42Z,2026-07-26T20:22:16Z,agent/open-source-upload-evidence-20260727,067a97e5838ad5f6c531576392be6123d6aa6b82,ky46738-ops,89837491258,build-linux,5,Install dependencies,EnvironmentFileNotFound: /home/runner/work/welcome/welcome/environment.yml file not found,SAME_UNCHANGED_WORKFLOW_ROOT_AND_FAILED_STEP,https://github.com/lkminiPhantomWorld/welcome/actions/runs/30218803936,https://github.com/lkminiPhantomWorld/welcome/actions/runs/30218803936/job/89837491258
174,VERIFIED_TRUE,Gatekeeper,30218803928,192,1,push,completed,failure,2026-07-26T20:21:42Z,2026-07-26T20:21:52Z,agent/open-source-upload-evidence-20260727,067a97e5838ad5f6c531576392be6123d6aa6b82,ky46738-ops,89837491131,verify,3,驗證 LKMini 公開種子,FAIL: 雜湊不一致：tools/verify_lkmini.py,LOCAL_GIT_TREE_REPLAY_CURRENT_EVIDENCE_BRANCH,https://github.com/lkminiPhantomWorld/welcome/actions/runs/30218803928,https://github.com/lkminiPhantomWorld/welcome/actions/runs/30218803928/job/89837491131
175,VERIFIED_TRUE,Gatekeeper,30218805540,193,1,pull_request,completed,failure,2026-07-26T20:21:44Z,2026-07-26T20:21:53Z,agent/open-source-upload-evidence-20260727,067a97e5838ad5f6c531576392be6123d6aa6b82,ky46738-ops,89837495001,verify,3,驗證 LKMini 公開種子,FAIL: 雜湊不一致：tools/verify_lkmini.py,LOCAL_GIT_TREE_REPLAY_CURRENT_EVIDENCE_BRANCH,https://github.com/lkminiPhantomWorld/welcome/actions/runs/30218805540,https://github.com/lkminiPhantomWorld/welcome/actions/runs/30218805540/job/89837495001
176,VERIFIED_TRUE,PR #6,30218823370,135,1,dynamic,completed,success,2026-07-26T20:22:14Z,2026-07-26T20:23:10Z,refs/pull/6/head,97c3d49bf2c82260ce83cd4f4a800697edb67fb8,ky46738-ops,,,,,,RUN_METADATA,https://github.com/lkminiPhantomWorld/welcome/actions/runs/30218823370,
177,VERIFIED_TRUE,Python Package using Conda,30218823189,152,1,push,completed,failure,2026-07-26T20:22:14Z,2026-07-26T20:22:56Z,agent/open-source-upload-evidence-20260727,97c3d49bf2c82260ce83cd4f4a800697edb67fb8,ky46738-ops,89837543001,build-linux,5,Install dependencies,EnvironmentFileNotFound: /home/runner/work/welcome/welcome/environment.yml file not found,SAME_UNCHANGED_WORKFLOW_ROOT_AND_FAILED_STEP,https://github.com/lkminiPhantomWorld/welcome/actions/runs/30218823189,https://github.com/lkminiPhantomWorld/welcome/actions/runs/30218823189/job/89837543001
178,VERIFIED_TRUE,Gatekeeper,30218823169,194,1,push,completed,failure,2026-07-26T20:22:14Z,2026-07-26T20:22:27Z,agent/open-source-upload-evidence-20260727,97c3d49bf2c82260ce83cd4f4a800697edb67fb8,ky46738-ops,89837542818,verify,3,驗證 LKMini 公開種子,FAIL: 雜湊不一致：tools/verify_lkmini.py,LOCAL_GIT_TREE_REPLAY_CURRENT_EVIDENCE_BRANCH,https://github.com/lkminiPhantomWorld/welcome/actions/runs/30218823169,https://github.com/lkminiPhantomWorld/welcome/actions/runs/30218823169/job/89837542818
179,VERIFIED_TRUE,Gatekeeper,30218825212,195,1,pull_request,completed,failure,2026-07-26T20:22:17Z,2026-07-26T20:22:26Z,agent/open-source-upload-evidence-20260727,97c3d49bf2c82260ce83cd4f4a800697edb67fb8,ky46738-ops,89837547944,verify,3,驗證 LKMini 公開種子,FAIL: 雜湊不一致：tools/verify_lkmini.py,LOCAL_GIT_TREE_REPLAY_CURRENT_EVIDENCE_BRANCH,https://github.com/lkminiPhantomWorld/welcome/actions/runs/30218825212,https://github.com/lkminiPhantomWorld/welcome/actions/runs/30218825212/job/89837547944
180,VERIFIED_TRUE,Python Package using Conda,30218873593,153,1,push,completed,failure,2026-07-26T20:23:40Z,2026-07-26T20:24:07Z,agent/open-source-upload-evidence-20260727,08c5ec7d23c9a9968d2c131335691c200db44bbc,ky46738-ops,89837683328,build-linux,5,Install dependencies,EnvironmentFileNotFound: /home/runner/work/welcome/welcome/environment.yml file not found,SAME_UNCHANGED_WORKFLOW_ROOT_AND_FAILED_STEP,https://github.com/lkminiPhantomWorld/welcome/actions/runs/30218873593,https://github.com/lkminiPhantomWorld/welcome/actions/runs/30218873593/job/89837683328
181,VERIFIED_TRUE,Gatekeeper,30218873562,196,1,push,completed,failure,2026-07-26T20:23:40Z,2026-07-26T20:23:50Z,agent/open-source-upload-evidence-20260727,08c5ec7d23c9a9968d2c131335691c200db44bbc,ky46738-ops,89837683182,verify,3,驗證 LKMini 公開種子,FAIL: 雜湊不一致：tools/verify_lkmini.py,LOCAL_GIT_TREE_REPLAY_CURRENT_EVIDENCE_BRANCH,https://github.com/lkminiPhantomWorld/welcome/actions/runs/30218873562,https://github.com/lkminiPhantomWorld/welcome/actions/runs/30218873562/job/89837683182
182,VERIFIED_TRUE,PR #6,30218873848,136,1,dynamic,completed,success,2026-07-26T20:23:41Z,2026-07-26T20:24:44Z,refs/pull/6/head,08c5ec7d23c9a9968d2c131335691c200db44bbc,ky46738-ops,,,,,,RUN_METADATA,https://github.com/lkminiPhantomWorld/welcome/actions/runs/30218873848,
183,VERIFIED_TRUE,Gatekeeper,30218874760,197,1,pull_request,completed,failure,2026-07-26T20:23:42Z,2026-07-26T20:23:51Z,agent/open-source-upload-evidence-20260727,08c5ec7d23c9a9968d2c131335691c200db44bbc,ky46738-ops,89837686831,verify,3,驗證 LKMini 公開種子,FAIL: 雜湊不一致：tools/verify_lkmini.py,LOCAL_GIT_TREE_REPLAY_CURRENT_EVIDENCE_BRANCH,https://github.com/lkminiPhantomWorld/welcome/actions/runs/30218874760,https://github.com/lkminiPhantomWorld/welcome/actions/runs/30218874760/job/89837686831
